user_id,Класс,Регион,Задача 1,Задача 2,Задача 3,Задача 4,Задача 5,Сумма,Статус
442,7,Новосибирская,7,7,7,7,7,35,Победитель
469,7,Челябинская,7,7,7,7,7,35,Победитель
679,7,Новосибирская,7,7,7,7,7,35,Победитель
4605,7,Курганская,7,7,7,7,7,35,Победитель
14188,7,Омская,7,7,7,7,7,35,Победитель
14606,7,Свердловская,7,7,7,7,7,35,Победитель
22250,7,Новосибирская,7,7,7,7,7,35,Победитель
22552,7,Курганская,7,7,7,7,7,35,Победитель
29684,7,Новосибирская,7,7,7,7,7,35,Победитель
29848,7,Красноярский,7,7,7,7,7,35,Победитель
30646,7,Свердловская,7,7,7,7,7,35,Победитель
30815,7,Новосибирская,7,7,7,7,7,35,Победитель
32712,7,Новосибирская,7,6,7,7,7,34,Победитель
3854,7,Республика Казахстан,7,7,7,4,7,32,Победитель
11237,7,Новосибирская,7,7,7,7,4,32,Победитель
3205,7,Новосибирская,7,7,7,3,7,31,Победитель
3494,7,Новосибирская,7,7,7,3,7,31,Победитель
7724,7,Новосибирская,7,7,7,3,7,31,Победитель
10725,7,Кемеровская область - Кузбасс,7,7,7,3,7,31,Победитель
14616,7,Республика Казахстан,7,7,7,3,7,31,Победитель
28750,7,Тюменская,7,7,7,3,7,31,Победитель
29880,7,Свердловская,7,7,7,3,7,31,Победитель
31364,7,Курганская,7,7,7,3,7,31,Победитель
31567,7,Челябинская,7,7,7,3,7,31,Победитель
33003,7,Ханты-Мансийский Автономный округ - Югра,7,7,7,3,7,31,Победитель
1025,7,Новосибирская,7,6,7,3,7,30,Победитель
6404,7,Республика Казахстан,7,7,7,7,2,30,Победитель
29393,7,Новосибирская,7,7,7,7,2,30,Победитель
11248,7,Республика Казахстан,7,7,7,7,1,29,Призёр
29148,7,Алтайский,7,7,7,7,1,29,Призёр
2231,7,Новосибирская,7,7,7,7,0,28,Призёр
5855,7,Свердловская,7,7,7,7,0,28,Призёр
9240,7,Иркутская,7,7,7,7,0,28,Призёр
12563,7,Новосибирская,7,7,7,7,-,28,Призёр
16477,7,Омская,7,1,7,6,7,28,Призёр
20784,7,Омская,7,7,7,7,-,28,Призёр
23265,7,Новосибирская,7,7,7,7,-,28,Призёр
24064,7,Курганская,7,7,7,7,-,28,Призёр
27849,7,Курганская,7,7,7,7,0,28,Призёр
29174,7,Курганская,7,7,7,7,-,28,Призёр
30260,7,Приморский,7,7,7,7,-,28,Призёр
32228,7,Новосибирская,7,7,7,7,-,28,Призёр
32541,7,Новосибирская,7,7,7,7,-,28,Призёр
31079,7,Иркутская,7,3,7,3,7,27,Призёр
31412,7,Иркутская,7,7,7,6,-,27,Призёр
661,7,Новосибирская,7,7,7,5,-,26,Призёр
440,7,Республика Казахстан,7,7,7,2,2,25,Призёр
3515,7,Омская,7,1,7,3,7,25,Призёр
6253,7,Новосибирская,7,7,7,3,1,25,Призёр
17680,7,Омская,7,7,7,3,1,25,Призёр
18193,7,Новосибирская,7,7,7,4,-,25,Призёр
21868,7,Алтайский,7,7,7,4,-,25,Призёр
21920,7,Курганская,7,7,7,3,1,25,Призёр
27455,7,Бурятия,7,7,7,3,1,25,Призёр
28812,7,Республика Казахстан,7,7,7,3,1,25,Призёр
29251,7,Новосибирская,7,7,7,3,1,25,Призёр
29566,7,Бурятия,7,7,7,4,0,25,Призёр
30385,7,Бурятия,7,7,7,4,0,25,Призёр
1066,7,Бурятия,7,7,7,3,-,24,Призёр
2795,7,Челябинская,7,7,7,3,-,24,Призёр
5716,7,Саха /Якутия/,7,7,7,3,0,24,Призёр
7213,7,Свердловская,7,7,7,3,-,24,Призёр
11166,7,Саха /Якутия/,7,7,7,3,0,24,Призёр
21596,7,Челябинская,7,7,7,3,0,24,Призёр
22094,7,Алтайский,7,7,7,3,-,24,Призёр
24754,7,Новосибирская,7,7,7,3,-,24,Призёр
27132,7,Новосибирская,7,7,7,3,0,24,Призёр
27161,7,Новосибирская,7,7,7,2,1,24,Призёр
27435,7,Курганская,7,7,7,3,-,24,Призёр
28421,7,Новосибирская,7,7,7,3,0,24,Призёр
28712,7,Курганская,7,7,7,3,0,24,Призёр
28990,7,Томская,7,7,7,3,-,24,Призёр
29941,7,Новосибирская,7,7,3,7,-,24,Призёр
30408,7,Бурятия,7,7,7,2,1,24,Призёр
32266,7,Новосибирская,7,7,7,3,-,24,Призёр
6236,7,Бурятия,7,7,7,2,0,23,Призёр
10112,7,Новосибирская,7,7,7,2,0,23,Призёр
16025,7,Республика Казахстан,7,7,7,2,0,23,Призёр
21980,7,Курганская,7,7,7,2,-,23,Призёр
27086,7,Новосибирская,7,7,7,1,1,23,Призёр
31472,7,Кемеровская область - Кузбасс,7,7,7,2,-,23,Призёр
580,7,Новосибирская,7,7,7,1,0,22,
5507,7,Новосибирская,7,7,7,0,1,22,
7630,7,Свердловская,7,7,7,-,1,22,
22277,7,Курганская,7,0,7,7,1,22,
29569,7,Алтайский,7,7,7,1,0,22,
30390,7,Бурятия,7,7,7,-,1,22,
763,7,Кемеровская область - Кузбасс,7,0,7,7,-,21,
4764,7,Новосибирская,7,7,7,-,-,21,
7705,7,Новосибирская,7,7,7,0,0,21,
8747,7,Красноярский,7,7,7,-,-,21,
11544,7,Республика Казахстан,7,7,7,-,-,21,
11878,7,Свердловская,7,0,7,0,7,21,
12045,7,Свердловская,7,7,7,0,-,21,
20073,7,Новосибирская,7,6,7,1,0,21,
21613,7,Тюменская,0,7,1,6,7,21,
21846,7,Саха /Якутия/,7,7,7,-,-,21,
22626,7,Новосибирская,7,7,7,0,0,21,
26964,7,Новосибирская,7,7,7,0,-,21,
28506,7,Бурятия,7,7,7,-,0,21,
29719,7,Тюменская,7,7,7,0,0,21,
29841,7,Красноярский,7,7,6,1,0,21,
30169,7,Республика Казахстан,7,7,7,0,0,21,
31675,7,Забайкальский,7,7,7,0,-,21,
32115,7,Новосибирская,7,7,7,0,0,21
32800,7,Новосибирская,7,7,7,-,-,21
21740,7,Алтайский,7,1,7,3,2,20
28983,7,Бурятия,7,6,7,0,-,20
29515,7,Тюменская,7,7,3,3,-,20
29699,7,Бурятия,7,6,7,-,0,20
17135,7,Новосибирская,7,0,7,4,1,19
5860,7,Республика Казахстан,7,1,7,3,0,18
29320,7,Бурятия,7,7,1,3,0,18
31667,7,Новосибирская,7,0,7,3,1,18
10777,7,Иркутская,7,0,7,3,-,17
25252,7,Кемеровская область - Кузбасс,7,0,7,3,0,17
26023,7,Тюменская,7,7,-,3,-,17
27407,7,Бурятия,7,0,7,3,0,17
28513,7,Бурятия,7,0,7,3,0,17
28549,7,Бурятия,7,0,7,3,0,17
30048,7,Иркутская,7,0,7,3,-,17
31524,7,Новосибирская,0,7,7,3,-,17
32192,7,Новосибирская,7,7,1,2,-,17
11019,7,Республика Казахстан,7,0,7,2,-,16
3521,7,Новосибирская,7,7,1,0,0,15
6625,7,Хабаровский,7,0,7,1,0,15
8271,7,Бурятия,7,7,1,0,0,15
9868,7,Тюменская,7,1,7,-,-,15
27398,7,Бурятия,7,7,1,0,0,15
28520,7,Бурятия,7,7,1,-,0,15
28553,7,Бурятия,7,7,1,-,-,15
32159,7,Курганская,7,1,7,-,0,15
3068,7,Омская,7,0,7,0,0,14
3101,7,Омская,7,0,7,-,-,14
8290,7,Тюменская,7,-,7,-,-,14
9713,7,Тюменская,7,-,7,-,-,14
15169,7,Омская,7,0,7,0,0,14
28659,7,Бурятия,7,-,7,-,-,14
28850,7,Новосибирская,7,0,7,0,0,14
28873,7,Бурятия,7,0,7,0,-,14
29113,7,Бурятия,7,7,-,-,-,14
29184,7,Тюменская,7,-,7,0,0,14
29281,7,Бурятия,7,0,7,-,-,14
29526,7,Томская,7,0,7,0,-,14
30012,7,Бурятия,7,0,7,-,0,14
31131,7,Челябинская,7,7,-,-,-,14
31135,7,Иркутская,7,-,7,-,-,14
31314,7,Ханты-Мансийский Автономный округ - Югра,7,0,7,0,0,14
32434,7,Тюменская,7,0,7,-,-,14
26763,7,Новосибирская,7,6,-,0,0,13
30565,7,Хабаровский,7,0,3,3,0,13
32814,7,Новосибирская,7,0,3,-,-,10
3868,7,Бурятия,7,0,1,1,-,9
7765,7,Новосибирская,7,-,1,1,-,9
13916,7,Алтайский,7,0,1,1,-,9
32937,7,Новосибирская,7,0,0,2,0,9
28149,7,Бурятия,7,0,1,0,0,8
28340,7,Бурятия,7,-,1,-,-,8
29089,7,Тюменская,7,-,1,-,-,8
29106,7,Бурятия,7,0,1,-,-,8
29445,7,Бурятия,7,0,1,0,0,8
29451,7,Новосибирская,7,0,1,0,0,8
29683,7,Иркутская,7,0,1,0,0,8
30453,7,Бурятия,7,0,1,-,-,8
4196,7,Омская,7,-,-,-,-,7
28964,7,Бурятия,7,-,-,0,0,7
29021,7,Бурятия,7,0,-,-,-,7
29429,7,Бурятия,7,-,-,-,-,7
29949,7,Бурятия,7,0,-,-,-,7
29685,7,Бурятия,-,0,1,1,-,2
29889,7,Новосибирская,0,0,1,0,0,1
665,7,Бурятия,-,-,-,-,-,0
943,7,Новосибирская,-,-,-,-,-,0
1225,7,Бурятия,-,-,-,-,-,0
1334,7,Томская,-,-,-,-,-,0
2210,7,Новосибирская,-,-,-,-,-,0
2249,7,Новосибирская,-,-,-,-,-,0
2251,7,Новосибирская,-,-,-,-,-,0
2275,7,Тюменская,-,-,-,-,-,0
3568,7,Азербайджанская республика,-,-,-,-,-,0
3665,7,Камчатский,-,-,-,-,-,0
3768,7,Бурятия,-,-,-,-,-,0
3896,7,Челябинская,-,-,-,-,-,0
4608,7,Новосибирская,-,-,-,-,-,0
5170,7,Республика Казахстан,-,-,-,-,-,0
5413,7,Республика Казахстан,-,-,-,-,-,0
5478,7,Новосибирская,-,-,-,-,-,0
5509,7,Республика Казахстан,-,-,-,-,-,0
5646,7,Республика Казахстан,-,-,-,-,-,0
5698,7,Республика Казахстан,-,-,-,-,-,0
5814,7,Республика Казахстан,-,-,-,-,-,0
5830,7,Республика Казахстан,-,-,-,-,-,0
5869,7,Республика Казахстан,-,-,-,-,-,0
6055,7,Челябинская,-,-,-,-,-,0
6073,7,Республика Казахстан,-,-,-,-,-,0
6356,7,Тюменская,-,-,-,-,-,0
6472,7,Свердловская,-,-,-,-,-,0
6582,7,Иркутская,-,-,-,-,-,0
6669,7,Тюменская,-,-,-,-,-,0
6714,7,Саха /Якутия/,-,-,-,-,-,0
6819,7,Свердловская,-,-,-,-,-,0
7154,7,Свердловская,-,-,-,-,-,0
8033,7,Новосибирская,-,-,-,-,-,0
8187,7,Новосибирская,-,-,-,-,-,0
8263,7,Новосибирская,-,-,-,-,-,0
8635,7,Республика Казахстан,-,-,-,-,-,0
8787,7,Новосибирская,-,-,-,-,-,0
9121,7,Саха /Якутия/,-,-,-,-,-,0
9147,7,Новосибирская,-,-,-,-,-,0
9199,7,Саха /Якутия/,-,-,-,-,-,0
9223,7,Иркутская,-,-,-,-,-,0
9445,7,Новосибирская,-,-,-,-,-,0
9566,7,Тюменская,-,-,-,-,-,0
10542,7,Новосибирская,-,-,-,-,-,0
10649,7,Саха /Якутия/,-,-,-,-,-,0
10664,7,Саха /Якутия/,-,-,-,-,-,0
10732,7,Тюменская,-,-,-,-,-,0
10758,7,Новосибирская,-,-,-,-,-,0
11055,7,Ямало-Ненецкий,-,-,-,-,-,0
11161,7,Камчатский,-,-,-,-,-,0
12032,7,Челябинская,-,-,-,-,-,0
12146,7,Челябинская,-,-,-,-,-,0
12358,7,Новосибирская,-,-,-,-,-,0
12622,7,Новосибирская,-,-,-,-,-,0
12924,7,Алтайский,-,-,-,-,-,0
13014,7,Республика Казахстан,-,-,-,-,-,0
13104,7,Новосибирская,-,-,-,-,-,0
13494,7,Тюменская,-,-,-,-,-,0
13683,7,Новосибирская,-,-,-,-,-,0
13796,7,Саха /Якутия/,-,-,-,-,-,0
13842,7,Республика Казахстан,-,-,-,-,-,0
13933,7,Республика Казахстан,-,-,-,-,-,0
14111,7,Тюменская,-,-,-,-,-,0
14486,7,Сахалинская,-,-,-,-,-,0
15055,7,Тюменская,-,-,-,-,-,0
16453,7,Новосибирская,-,-,-,-,-,0
16757,7,Алтайский,-,-,-,-,-,0
16759,7,Курганская,-,-,-,-,-,0
16865,7,Иркутская,-,-,-,-,-,0
16879,7,Республика Казахстан,-,-,-,-,-,0
17396,7,Новосибирская,-,-,-,-,-,0
18172,7,Челябинская,-,-,-,-,-,0
18194,7,Новосибирская,-,-,-,-,-,0
18386,7,Алтайский,-,-,-,-,-,0
18543,7,Новосибирская,-,-,-,-,-,0
19258,7,Красноярский,-,-,-,-,-,0
19820,7,Новосибирская,-,-,-,-,-,0
19913,7,Новосибирская,-,-,-,-,-,0
20421,7,Новосибирская,-,-,-,-,-,0
20426,7,Новосибирская,-,-,-,-,-,0
20529,7,Алтайский,-,-,-,-,-,0
20538,7,Омская,-,-,-,-,-,0
20769,7,Новосибирская,-,-,-,-,-,0
21175,7,Новосибирская,-,-,-,-,-,0
21322,7,Ханты-Мансийский Автономный округ - Югра,-,-,-,-,-,0
21363,7,Новосибирская,-,-,-,-,-,0
21573,7,Новосибирская,-,-,-,-,-,0
21818,7,Новосибирская,-,-,-,-,-,0
22058,7,Приморский,-,-,-,-,-,0
22195,7,Республика Казахстан,-,-,-,-,-,0
22248,7,Хабаровский,-,-,-,-,-,0
22281,7,Новосибирская,-,-,-,-,-,0
22288,7,Челябинская,-,-,-,-,-,0
22314,7,Новосибирская,-,-,-,-,-,0
22387,7,Омская,-,-,-,-,-,0
22579,7,Бурятия,-,-,-,-,-,0
22835,7,Тюменская,-,-,-,-,-,0
23964,7,Иркутская,-,-,-,-,-,0
24301,7,Свердловская,-,-,-,-,-,0
24325,7,Томская,-,-,-,-,-,0
24531,7,Иркутская,-,-,-,-,-,0
25057,7,Республика Казахстан,-,-,-,-,-,0
25223,7,Республика Казахстан,-,-,-,-,-,0
25375,7,Новосибирская,-,-,-,-,-,0
25529,7,Новосибирская,-,-,-,-,-,0
25752,7,Республика Казахстан,-,-,-,-,-,0
25852,7,Тюменская,-,-,-,-,-,0
26075,7,Алтайский,-,-,-,-,-,0
26268,7,Алтайский,-,-,-,-,-,0
26900,7,Новосибирская,-,-,-,-,-,0
27055,7,Курганская,-,-,-,-,-,0
27193,7,Свердловская,-,-,-,-,-,0
27375,7,Бурятия,-,-,-,-,-,0
27459,7,Омская,-,-,-,-,-,0
28143,7,Алтайский,-,-,-,-,-,0
28486,7,Бурятия,-,-,-,-,-,0
28536,7,Курганская,-,-,-,-,-,0
28603,7,Бурятия,-,-,-,-,-,0
28666,7,Республика Казахстан,-,-,-,-,-,0
28672,7,Бурятия,-,-,-,-,-,0
28704,7,Новосибирская,-,-,-,-,-,0
28748,7,Новосибирская,-,-,-,-,-,0
28823,7,Новосибирская,-,-,-,-,-,0
28881,7,Бурятия,-,-,-,-,-,0
28978,7,Алтайский,-,-,-,-,-,0
28998,7,Новосибирская,-,-,-,-,-,0
29031,7,Новосибирская,-,-,-,-,-,0
29041,7,Алтайский,-,-,-,-,-,0
29232,7,Красноярский,-,-,-,-,-,0
29292,7,Бурятия,-,-,-,-,-,0
29298,7,Бурятия,-,-,-,-,-,0
29350,7,Тюменская,-,-,-,-,-,0
29572,7,Алтайский,-,-,-,-,-,0
29694,7,Иркутская,-,-,-,-,-,0
29711,7,Бурятия,-,-,-,-,-,0
29814,7,Челябинская,-,-,-,-,-,0
30145,7,Томская,-,-,-,-,-,0
30154,7,Томская,-,-,-,-,-,0
30159,7,Омская,-,-,-,-,-,0
30191,7,Красноярский,-,-,-,-,-,0
30264,7,Курганская,-,-,-,-,-,0
30296,7,Новосибирская,-,-,-,-,-,0
30299,7,Приморский,-,-,-,-,-,0
30312,7,Приморский,-,-,-,-,-,0
30323,7,Приморский,-,-,-,-,-,0,
30631,7,Новосибирская,-,-,-,-,-,0,
30634,7,Новосибирская,-,-,-,-,-,0,
30699,7,Новосибирская,-,-,-,-,-,0,
31020,7,Новосибирская,-,-,-,-,-,0,
31094,7,Челябинская,-,-,-,-,-,0,
31147,7,Новосибирская,-,-,-,-,-,0,
31317,7,Челябинская,-,-,-,-,-,0,
31325,7,Новосибирская,-,-,-,-,-,0,
31615,7,Новосибирская,-,-,-,-,-,0,
31737,7,Красноярский,-,-,-,-,-,0,
31739,7,Новосибирская,-,-,-,-,-,0,
32143,7,Свердловская,-,-,-,-,-,0,
32240,7,Бурятия,-,-,-,-,-,0,
32907,7,Новосибирская,-,-,-,-,-,0,
1656,8,Тюменская,7,7,7,7,7,35,Победитель
5098,8,Омская,7,7,7,7,7,35,Победитель
21100,8,Бурятия,7,7,7,7,5,33,Победитель
31972,8,Красноярский,7,7,7,7,5,33,Победитель
18795,8,Новосибирская,7,7,7,7,2,30,Победитель
31,8,Кемеровская область - Кузбасс,7,7,7,7,0,28,Призёр
149,8,Иркутская,7,7,7,7,0,28,Призёр
814,8,Курганская,7,7,7,7,-,28,Призёр
2120,8,Приморский,7,7,7,7,-,28,Призёр
4507,8,Новосибирская,7,7,7,7,-,28,Призёр
4998,8,Новосибирская,7,7,7,7,-,28,Призёр
5004,8,Ханты-Мансийский Автономный округ - Югра,7,7,7,7,-,28,Призёр
6039,8,Новосибирская,7,7,7,7,-,28,Призёр
6263,8,Тюменская,7,7,7,7,0,28,Призёр
7204,8,Тюменская,7,7,7,7,-,28,Призёр
7713,8,Новосибирская,7,7,7,7,0,28,Призёр
7939,8,Новосибирская,7,7,7,7,-,28,Призёр
8041,8,Омская,7,7,7,7,-,28,Призёр
8049,8,Новосибирская,7,7,7,7,0,28,Призёр
8377,8,Новосибирская,7,7,7,7,0,28,Призёр
9520,8,Новосибирская,7,7,7,7,-,28,Призёр
10437,8,Новосибирская,7,7,7,7,-,28,Призёр
11223,8,Томская,7,7,7,7,-,28,Призёр
11546,8,Бурятия,7,7,7,7,-,28,Призёр
12393,8,Бурятия,7,7,7,7,-,28,Призёр
12573,8,Тюменская,7,7,7,7,-,28,Призёр
12584,8,Новосибирская,7,7,7,7,0,28,Призёр
13221,8,Бурятия,7,7,7,7,-,28,Призёр
13686,8,Бурятия,7,7,7,7,-,28,Призёр
13920,8,Иркутская,7,7,7,7,0,28,Призёр
14328,8,Бурятия,7,7,7,7,-,28,Призёр
14395,8,Алтайский,7,7,7,7,0,28,Призёр
14653,8,Забайкальский,7,7,7,7,-,28,Призёр
16027,8,Новосибирская,7,7,7,7,0,28,Призёр
16705,8,Алтайский,7,7,7,7,0,28,Призёр
17757,8,Новосибирская,7,7,7,7,0,28,Призёр
17823,8,Бурятия,7,7,7,7,-,28,Призёр
19679,8,Новосибирская,7,7,7,7,0,28,Призёр
22150,8,Курганская,7,7,7,7,-,28,Призёр
22612,8,Курганская,7,7,7,7,-,28,Призёр
24000,8,Свердловская,7,7,7,7,-,28,Призёр
26710,8,Новосибирская,7,7,7,7,-,28,Призёр
28200,8,Свердловская,7,7,7,7,0,28,Призёр
29607,8,Тюменская,7,7,7,7,-,28,Призёр
29857,8,Ханты-Мансийский Автономный округ - Югра,7,7,7,7,0,28,Призёр
29907,8,Амурская,7,7,7,7,0,28,Призёр
29967,8,Новосибирская,7,7,7,7,-,28,Призёр
30061,8,Кемеровская область - Кузбасс,7,7,7,7,-,28,Призёр
30491,8,Новосибирская,7,7,7,7,0,28,Призёр
30704,8,Еврейская,7,7,7,7,-,28,Призёр
31381,8,Свердловская,7,7,7,7,-,28,Призёр
31505,8,Ханты-Мансийский Автономный округ - Югра,7,7,7,7,-,28,Призёр
31576,8,Новосибирская,7,7,7,7,-,28,Призёр
32031,8,Свердловская,7,7,7,7,-,28,Призёр
32252,8,Кемеровская область - Кузбасс,7,7,7,7,0,28,Призёр
32275,8,Республика Казахстан,7,7,7,7,-,28,Призёр
32812,8,Свердловская,7,7,7,7,-,28,Призёр
32899,8,Курганская,7,7,7,7,0,28,Призёр
15174,8,Новосибирская,7,7,6,7,0,27,Призёр
23511,8,Красноярский,7,7,7,6,-,27,Призёр
7295,8,Курганская,7,7,5,7,-,26,Призёр
10676,8,Алтайский,7,7,5,7,0,26,Призёр
12365,8,Челябинская,7,7,4,7,-,25,Призёр
12490,8,Новосибирская,7,7,4,7,0,25,Призёр
31652,8,Кемеровская область - Кузбасс,7,7,4,7,0,25,Призёр
32166,8,Кемеровская область - Кузбасс,7,7,4,7,0,25,Призёр
30841,8,Омская,7,7,3,7,0,24,Призёр
10076,8,Новосибирская,7,7,2,7,0,23,Призёр
32673,8,Хабаровский,7,7,2,7,0,23,Призёр
2222,8,Новосибирская,7,7,1,7,0,22,
2842,8,Новосибирская,7,7,1,7,0,22,
9565,8,Алтайский,7,7,1,7,0,22,
19962,8,Новосибирская,7,7,1,7,0,22,
23316,8,Новосибирская,7,1,7,7,-,22,
30384,8,Саха /Якутия/,7,7,1,7,0,22,
31048,8,Кемеровская область - Кузбасс,7,7,1,7,0,22,
31179,8,Новосибирская,7,1,7,7,-,22,
568,8,Новосибирская,7,7,0,7,0,21,
2437,8,Ханты-Мансийский Автономный округ - Югра,7,0,7,7,0,21,
2781,8,Новосибирская,7,7,7,-,-,21,
4041,8,Новосибирская,7,0,7,7,-,21,
5944,8,Новосибирская,7,0,7,7,-,21,
5996,8,Новосибирская,7,7,7,-,-,21,
6155,8,Новосибирская,7,7,0,7,-,21,
7701,8,Новосибирская,7,7,7,-,-,21,
8730,8,Республика Казахстан,7,0,7,7,-,21,
9068,8,Новосибирская,7,-,7,7,-,21,
9416,8,Забайкальский,7,7,7,-,-,21,
9560,8,Челябинская,7,7,7,0,-,21,
10669,8,Кемеровская область - Кузбасс,7,0,7,7,0,21,
10838,8,Новосибирская,7,0,7,7,-,21
13676,8,Бурятия,7,-,7,7,-,21
16820,8,Алтайский,7,0,7,7,-,21
21244,8,Новосибирская,7,0,7,7,-,21
22255,8,Алтайский,7,0,7,7,0,21
24127,8,Кемеровская область - Кузбасс,7,0,7,7,0,21
28612,8,Новосибирская,7,7,7,-,-,21
29283,8,Новосибирская,7,7,7,0,0,21
30083,8,Новосибирская,7,0,7,7,-,21
30209,8,Кемеровская область - Кузбасс,7,7,7,-,-,21
30458,8,Кемеровская область - Кузбасс,7,7,0,7,0,21
31504,8,Свердловская,7,0,7,7,-,21
32308,8,Республика Казахстан,7,0,7,7,0,21
115,8,Забайкальский,7,7,0,6,0,20
2259,8,Новосибирская,7,7,6,-,-,20
6654,8,Иркутская,7,0,6,7,0,20
8342,8,Новосибирская,7,7,1,5,0,20
12689,8,Курганская,7,7,-,6,0,20
32382,8,Курганская,7,7,1,4,-,19
22990,8,Курганская,7,0,4,7,0,18
24425,8,Омская,0,7,4,7,-,18
30706,8,Новосибирская,0,7,4,7,0,18
31046,8,Новосибирская,7,0,7,4,-,18
1984,8,Новосибирская,7,3,0,7,-,17
32005,8,Кемеровская область - Кузбасс,7,0,2,7,0,16
13275,8,Омская,7,1,1,6,0,15
19214,8,Свердловская,7,1,7,0,-,15
26784,8,Курганская,7,7,1,-,-,15
82,8,Новосибирская,7,7,0,0,0,14
2182,8,Забайкальский,7,0,7,-,-,14
5647,8,Новосибирская,7,0,7,-,-,14
13304,8,Алтайский,7,7,-,-,0,14
28825,8,Иркутская,-,7,7,-,0,14
30844,8,Омская,7,0,7,0,0,14
31078,8,Иркутская,7,7,-,-,-,14
9098,8,Новосибирская,7,3,-,-,-,10
21703,8,Свердловская,-,0,6,4,0,10
31734,8,Новосибирская,7,3,-,-,-,10
13805,8,Республика Казахстан,7,0,1,-,0,8
21145,8,Забайкальский,7,-,1,-,-,8
28532,8,Республика Казахстан,7,0,1,0,0,8
29401,8,Алтайский,-,0,1,7,-,8
31559,8,Алтайский,7,0,1,-,-,8
3709,8,Новосибирская,7,-,-,-,-,7
5223,8,Новосибирская,7,0,0,0,0,7
10567,8,Республика Казахстан,0,7,-,-,-,7
14680,8,Бурятия,7,-,-,-,-,7
18466,8,Новосибирская,7,0,0,-,-,7
21871,8,Омская,7,0,-,-,-,7
30874,8,Иркутская,0,0,0,7,0,7
32117,8,Новосибирская,7,-,-,-,-,7
31452,8,Челябинская,0,1,1,0,-,2
32365,8,Курганская,-,-,1,-,-,1
139,8,Новосибирская,-,-,-,-,-,0
439,8,Хакасия,-,-,-,-,-,0
498,8,Тюменская,-,-,-,-,-,0
501,8,Новосибирская,-,-,-,-,-,0
592,8,Бурятия,-,-,-,-,-,0
778,8,Свердловская,-,-,-,-,-,0
1091,8,Красноярский,-,-,-,-,-,0
1864,8,Новосибирская,-,-,-,-,-,0
2001,8,Кемеровская область - Кузбасс,-,-,-,-,-,0
2233,8,Новосибирская,-,-,-,-,-,0
2300,8,Амурская,-,-,-,-,-,0
2493,8,Новосибирская,-,0,0,-,-,0
2554,8,Бурятия,-,-,-,-,-,0
3550,8,Челябинская,-,-,-,-,-,0
3651,8,Сахалинская,-,-,-,-,-,0
3795,8,Новосибирская,-,-,-,-,-,0
3996,8,Новосибирская,-,-,-,-,-,0
4043,8,Новосибирская,-,-,-,-,-,0
4087,8,Новосибирская,-,-,-,-,-,0
4393,8,Забайкальский,-,-,-,-,-,0
4696,8,Новосибирская,-,-,-,-,-,0
4883,8,Новосибирская,-,-,-,-,-,0
5090,8,Новосибирская,-,-,-,-,-,0
5100,8,Челябинская,-,-,-,-,-,0
5359,8,Томская,-,-,-,-,-,0
5601,8,Республика Казахстан,-,-,-,-,-,0
5929,8,Новосибирская,-,-,-,-,-,0
5941,8,Алтайский,-,-,-,-,-,0
6064,8,Кемеровская область - Кузбасс,-,-,-,-,-,0
6158,8,Новосибирская,-,-,-,-,-,0
6839,8,Кемеровская область - Кузбасс,-,-,-,-,-,0
7075,8,Новосибирская,-,-,-,-,-,0
7603,8,Новосибирская,-,-,-,-,-,0
7704,8,Новосибирская,-,-,-,-,-,0
7711,8,Новосибирская,-,-,-,0,-,0
7869,8,Камчатский,-,-,-,-,-,0
7884,8,Новосибирская,-,-,-,-,-,0
7954,8,Новосибирская,-,-,-,-,-,0
7994,8,Новосибирская,-,-,-,-,-,0
8046,8,Новосибирская,-,-,-,-,-,0
8245,8,Тюменская,-,-,-,-,-,0
8272,8,Новосибирская,-,-,-,-,-,0
8289,8,Новосибирская,-,-,-,-,-,0
8789,8,Новосибирская,-,-,-,-,-,0
9030,8,Новосибирская,-,-,-,-,-,0
9212,8,Алтайский,-,-,-,-,-,0
9453,8,Алтайский,-,-,-,-,-,0
9455,8,Новосибирская,-,-,-,-,-,0
9534,8,Новосибирская,-,-,-,-,-,0
9601,8,Новосибирская,-,-,-,-,-,0
10091,8,Иркутская,-,-,-,-,-,0
10343,8,Саха /Якутия/,-,-,-,-,-,0
10452,8,Томская,-,-,-,-,-,0
10473,8,Новосибирская,-,-,-,-,-,0
10573,8,Саха /Якутия/,-,-,-,-,-,0
11340,8,Новосибирская,-,-,-,-,-,0
11458,8,Омская,-,-,-,-,-,0
11576,8,Бурятия,-,-,-,-,-,0
11591,8,Челябинская,-,-,-,-,-,0
11632,8,Тюменская,-,-,-,-,-,0
12226,8,Новосибирская,-,-,-,-,-,0
12433,8,Алтайский,-,-,-,-,-,0
13134,8,Омская,-,-,-,-,-,0
13694,8,Алтайский,-,-,-,-,-,0
13885,8,Новосибирская,-,-,-,-,-,0
13959,8,Новосибирская,-,-,-,-,-,0
14513,8,Саха /Якутия/,-,-,-,-,-,0
14523,8,Алтайский,-,-,-,-,-,0
14641,8,Новосибирская,-,-,-,-,-,0
14667,8,Забайкальский,-,-,-,-,-,0
14691,8,Алтайский,-,-,-,-,-,0
14753,8,Новосибирская,-,-,-,-,-,0
14851,8,Алтайский,-,-,-,-,-,0
14868,8,Кемеровская область - Кузбасс,-,-,-,-,-,0
14920,8,Алтайский,-,-,-,-,-,0
15187,8,Новосибирская,-,-,0,-,-,0
15453,8,Новосибирская,-,-,-,-,-,0
15642,8,Новосибирская,-,-,-,-,-,0
15929,8,Республика Казахстан,0,-,-,-,-,0
15931,8,Новосибирская,-,-,-,-,-,0
16975,8,Иркутская,-,-,-,-,-,0
17416,8,Челябинская,-,-,-,-,-,0
17616,8,Новосибирская,-,-,-,-,-,0
17917,8,Новосибирская,-,-,-,-,-,0
18161,8,Алтайский,-,-,-,-,-,0
18445,8,Новосибирская,-,-,-,-,-,0
18450,8,Новосибирская,-,-,-,-,-,0
18508,8,Челябинская,-,-,-,-,-,0
18581,8,Республика Казахстан,-,-,-,-,-,0
18584,8,Новосибирская,-,-,-,-,-,0
18593,8,Новосибирская,-,-,-,-,-,0
18654,8,Сахалинская,-,-,-,-,-,0
19701,8,Новосибирская,-,-,-,-,-,0
20014,8,Омская,-,-,-,-,-,0
20308,8,Челябинская,-,-,-,-,-,0
20420,8,Хакасия,-,-,-,-,-,0
20602,8,Новосибирская,-,-,-,-,-,0
20668,8,Иркутская,-,-,-,-,-,0
20812,8,Новосибирская,-,-,-,-,-,0
20951,8,Новосибирская,-,-,-,-,-,0
20983,8,Челябинская,-,-,-,-,-,0
21147,8,Кемеровская область - Кузбасс,-,-,-,-,-,0
21242,8,Новосибирская,-,-,-,-,-,0
21721,8,Алтайский,-,-,-,-,-,0
21772,8,Омская,-,-,-,-,-,0
22010,8,Курганская,-,-,-,-,-,0
22167,8,Республика Казахстан,-,-,-,-,-,0
22318,8,Кемеровская область - Кузбасс,-,-,-,-,-,0
22468,8,Камчатский,-,-,-,-,-,0
22586,8,Алтайский,-,-,-,-,-,0
22664,8,Новосибирская,-,-,-,-,-,0
22853,8,Новосибирская,-,-,-,-,-,0
22975,8,Челябинская,-,-,-,-,-,0
23245,8,Курганская,-,-,-,-,-,0
23325,8,Курганская,-,-,-,-,-,0
23470,8,Алтайский,-,-,-,-,-,0
23623,8,Новосибирская,-,-,-,-,-,0
23684,8,Алтайский,-,-,-,-,-,0
24335,8,Новосибирская,-,-,-,-,-,0
24378,8,Челябинская,-,-,-,-,-,0
24798,8,Новосибирская,-,-,-,-,-,0
25145,8,Новосибирская,-,-,-,-,-,0
25354,8,Новосибирская,-,-,-,-,-,0
25560,8,Челябинская,-,-,-,-,-,0
25746,8,Омская,-,-,-,-,-,0
25751,8,Новосибирская,-,-,-,-,-,0
26360,8,Республика Казахстан,-,-,-,-,-,0
26691,8,Новосибирская,-,-,-,-,-,0
26782,8,Красноярский,-,-,-,-,-,0
26990,8,Свердловская,-,-,-,-,-,0
28461,8,Алтайский,-,-,-,-,-,0
28566,8,Бурятия,-,-,-,-,-,0
28737,8,Алтайский,-,-,-,-,-,0
28921,8,Тюменская,-,-,-,-,-,0
29200,8,Челябинская,-,-,-,-,-,0
29219,8,Челябинская,-,-,-,-,-,0
29236,8,Челябинская,-,-,-,-,-,0
29309,8,Новосибирская,-,-,-,-,-,0
29721,8,Тюменская,-,-,-,-,-,0
29774,8,Кемеровская область - Кузбасс,-,-,-,-,-,0
29915,8,Иркутская,0,0,0,-,-,0
29970,8,Алтайский,-,-,-,-,-,0
30065,8,Кемеровская область - Кузбасс,-,-,-,-,-,0
30119,8,Алтайский,-,-,-,-,-,0
30213,8,Республика Казахстан,-,-,-,-,-,0
30531,8,Курганская,-,-,-,-,-,0
30606,8,Приморский,-,-,-,-,-,0
30624,8,Свердловская,-,-,-,-,-,0
30708,8,Амурская,-,-,-,-,-,0
30895,8,Красноярский,-,-,-,-,-,0
31059,8,Новосибирская,-,-,-,-,-,0
31071,8,Иркутская,-,-,-,-,-,0
31072,8,Иркутская,-,-,-,-,-,0
31126,8,Кемеровская область - Кузбасс,-,-,-,-,-,0
31384,8,Республика Корея,-,-,-,-,-,0
32220,8,Новосибирская,-,-,-,-,-,0
32366,8,Курганская,0,-,-,-,-,0
32367,8,Курганская,-,-,-,-,-,0,
32369,8,Курганская,-,-,-,-,-,0,
32372,8,Курганская,-,-,-,-,-,0,
32377,8,Курганская,-,-,-,-,-,0,
32380,8,Курганская,-,-,-,-,-,0,
32384,8,Курганская,-,-,-,-,-,0,
32835,8,Новосибирская,-,-,-,-,-,0,
32885,8,Алтайский,-,-,-,-,-,0,
3522,9,Новосибирская,7,7,7,7,7,35,Победитель
1718,9,Новосибирская,7,7,6,7,7,34,Победитель
9031,9,Новосибирская,7,7,6,7,7,34,Победитель
31427,9,Новосибирская,7,7,6,7,5,32,Победитель
18603,9,Омская,7,7,5,7,5,31,Победитель
3597,9,Новосибирская,6,7,6,7,4,30,Победитель
917,9,Алтайский,7,7,6,7,2,29,Победитель
497,9,Новосибирская,6,7,6,7,2,28,Победитель
8460,9,Свердловская,7,7,7,7,-,28,Победитель
13411,9,Новосибирская,7,7,7,7,-,28,Победитель
16968,9,Новосибирская,7,7,7,7,-,28,Победитель
21780,9,Новосибирская,7,7,7,7,-,28,Победитель
22524,9,Красноярский,7,7,7,7,-,28,Победитель
27101,9,Кемеровская область - Кузбасс,6,7,6,7,2,28,Победитель
30121,9,Республика Казахстан,7,7,7,7,-,28,Победитель
2652,9,Новосибирская,7,7,6,7,-,27,Победитель
2969,9,Кемеровская область - Кузбасс,7,7,6,7,-,27,Победитель
10477,9,Новосибирская,7,7,6,7,0,27,Победитель
12138,9,Новосибирская,7,7,6,7,-,27,Победитель
17781,9,Ханты-Мансийский Автономный округ - Югра,7,7,6,7,-,27,Победитель
22687,9,Республика Казахстан,7,7,6,7,0,27,Победитель
23312,9,Алтайский,7,7,6,7,0,27,Победитель
32782,9,Новосибирская,7,7,6,7,-,27,Победитель
5773,9,Саха /Якутия/,7,7,6,6,-,26,Победитель
10946,9,Новосибирская,7,7,6,6,-,26,Победитель
13424,9,Кемеровская область - Кузбасс,7,7,5,7,0,26,Победитель
30867,9,Республика Казахстан,6,7,6,7,-,26,Победитель
30998,9,Новосибирская,6,7,6,7,0,26,Победитель
1072,9,Хабаровский,6,7,6,2,4,25,Победитель
23495,9,Омская,7,0,6,7,5,25,Победитель
31818,9,Красноярский,7,3,7,7,1,25,Победитель
3755,9,Новосибирская,3,7,7,7,0,24,Победитель
24829,9,Хабаровский,7,3,6,7,1,24,Победитель
26233,9,Забайкальский,3,7,7,7,0,24,Победитель
30011,9,Сахалинская,3,7,7,7,0,24,Победитель
30866,9,Республика Казахстан,3,7,7,7,0,24,Победитель
30869,9,Республика Казахстан,7,3,7,7,-,24,Победитель
31839,9,Новосибирская,7,7,7,3,0,24,Победитель
5897,9,Новосибирская,3,7,6,7,0,23,Призёр
16753,9,Новосибирская,7,3,6,7,0,23,Призёр
30884,9,Алтайский,3,7,6,7,0,23,Призёр
4237,9,Свердловская,6,3,6,7,0,22,Призёр
9631,9,Челябинская,6,3,6,7,0,22,Призёр
25046,9,Кемеровская область - Кузбасс,6,3,6,7,0,22,Призёр
30227,9,Кемеровская область - Кузбасс,5,3,7,7,0,22,Призёр
30620,9,Красноярский,3,7,5,7,0,22,Призёр
9210,9,Свердловская,7,7,0,7,0,21,Призёр
15358,9,Томская,7,7,7,0,-,21,Призёр
26525,9,Новосибирская,6,7,2,6,-,21,Призёр
32494,9,Кемеровская область - Кузбасс,5,3,6,7,0,21,Призёр
1377,9,Томская,0,7,6,7,0,20,Призёр
7719,9,Тюменская,6,7,0,7,0,20,Призёр
8322,9,Новосибирская,7,7,6,-,-,20,Призёр
22798,9,Новосибирская,7,3,2,7,0,19,Призёр
31865,9,Кемеровская область - Кузбасс,5,7,-,7,0,19,Призёр
114,9,Новосибирская,7,7,3,-,0,17,Призёр
21565,9,Новосибирская,7,3,0,7,0,17,Призёр
28846,9,Курганская,7,7,1,-,2,17,Призёр
31247,9,Свердловская,7,3,0,7,0,17,Призёр
117,9,Новосибирская,3,7,6,-,0,16,Призёр
2185,9,Свердловская,7,3,6,-,-,16,Призёр
9616,9,Тюменская,7,3,6,-,-,16,Призёр
12391,9,Курганская,7,2,0,7,-,16,Призёр
1594,9,Новосибирская,6,2,0,7,0,15,Призёр
6628,9,Новосибирская,3,7,0,5,0,15,Призёр
20206,9,Свердловская,6,7,-,2,0,15,Призёр
24151,9,Кемеровская область - Кузбасс,3,7,5,-,0,15,Призёр
26911,9,Новосибирская,3,7,5,-,0,15,Призёр
30534,9,Ханты-Мансийский Автономный округ - Югра,3,3,6,3,0,15,Призёр
31345,9,Новосибирская,7,7,1,-,-,15,Призёр
13364,9,Республика Казахстан,7,7,0,0,0,14,
13496,9,Челябинская,7,7,-,-,-,14,
23266,9,Новосибирская,7,7,-,-,-,14,
25584,9,Омская,7,7,-,-,-,14,
27922,9,Томская,7,7,-,-,0,14,
28468,9,Ханты-Мансийский Автономный округ - Югра,3,3,6,2,-,14,
32185,9,Хабаровский,7,7,0,-,-,14,
32196,9,Хабаровский,7,7,0,-,-,14,
32631,9,Красноярский,7,7,0,0,0,14,
466,9,Новосибирская,6,7,-,-,-,13,
2273,9,Новосибирская,3,3,-,7,0,13,
5002,9,Новосибирская,7,0,6,-,0,13,
10608,9,Новосибирская,7,-,6,-,-,13,
19434,9,Новосибирская,7,3,3,-,0,13,
22766,9,Ханты-Мансийский Автономный округ - Югра,-,0,6,7,-,13,
24427,9,Иркутская,6,7,0,0,0,13,
6050,9,Новосибирская,7,3,2,-,-,12,
15128,9,Новосибирская,6,6,-,-,-,12,
20190,9,Свердловская,3,3,6,-,0,12,
26697,9,Омская,3,3,6,-,0,12,
26786,9,Свердловская,6,6,0,-,-,12,
27207,9,Республика Казахстан,3,3,6,0,0,12,
28223,9,Тюменская,6,-,6,-,0,12,
32116,9,Томская,3,3,4,2,0,12,
18234,9,Камчатский,5,-,6,-,-,11,
30723,9,Кемеровская область - Кузбасс,3,-,6,2,0,11,
7239,9,Тюменская,3,7,0,0,0,10,
16527,9,Ханты-Мансийский Автономный округ - Югра,3,7,0,-,-,10
24863,9,Ханты-Мансийский Автономный округ - Югра,3,7,0,0,0,10
24930,9,Кемеровская область - Кузбасс,3,7,-,-,-,10
30671,9,Красноярский,7,3,-,-,-,10
31563,9,Свердловская,7,3,0,-,0,10
31721,9,Томская,3,3,2,2,0,10
32704,9,Томская,5,5,-,-,-,10
20177,9,Новосибирская,6,3,0,-,0,9
21276,9,Свердловская,6,3,0,-,-,9
21915,9,Алтайский,6,-,3,-,-,9
31529,9,Свердловская,0,3,6,-,-,9
30189,9,Ханты-Мансийский Автономный округ - Югра,3,3,0,2,0,8
32917,9,Алтайский,5,3,0,-,-,8
1007,9,Новосибирская,7,-,-,-,-,7
3713,9,Новосибирская,7,-,-,-,-,7
11514,9,Новосибирская,-,-,0,7,-,7
16449,9,Новосибирская,7,-,-,-,-,7
31694,9,Красноярский,5,-,-,2,-,7
2803,9,Красноярский,3,3,0,-,-,6
4484,9,Новосибирская,3,3,0,-,0,6
16091,9,Республика Казахстан,3,-,3,0,0,6
19937,9,Саха /Якутия/,3,3,0,-,-,6
20199,9,Свердловская,0,3,3,0,0,6
21547,9,Челябинская,3,3,-,0,-,6
22014,9,Челябинская,3,3,0,0,-,6
22443,9,Челябинская,3,3,0,0,0,6
22635,9,Алтайский,6,-,-,-,-,6
26898,9,Забайкальский,6,-,-,-,-,6
28898,9,Новосибирская,3,3,0,-,0,6
30308,9,Камчатский,3,3,-,-,0,6
31237,9,Новосибирская,6,-,0,-,0,6
31346,9,Новосибирская,3,3,0,-,0,6
32167,9,Челябинская,3,3,0,0,0,6
32808,9,Челябинская,6,-,-,-,-,6
32903,9,Хабаровский,3,3,0,-,0,6
32974,9,Алтайский,3,3,0,-,-,6
28481,9,Алтайский,5,-,-,-,0,5
6841,9,Новосибирская,0,3,-,1,-,4
4924,9,Республика Казахстан,3,0,0,0,0,3
9006,9,Алтайский,3,-,0,-,0,3
13240,9,Новосибирская,3,-,0,-,-,3
13728,9,Новосибирская,0,3,-,-,0,3
15432,9,Новосибирская,3,-,-,-,-,3
20025,9,Омская,0,3,0,-,0,3
25255,9,Алтайский,3,-,-,-,0,3
30104,9,Красноярский,3,-,0,-,-,3
30350,9,Саха /Якутия/,0,3,0,0,0,3
32142,9,Новосибирская,3,-,-,-,-,3
32605,9,Новосибирская,3,0,0,0,0,3
31921,9,Новосибирская,0,0,0,2,0,2
73,9,Новосибирская,-,-,-,-,-,0
199,9,Новосибирская,-,-,-,-,-,0
282,9,Свердловская,-,-,-,-,-,0
329,9,Алтайский,-,-,-,-,-,0
349,9,Сахалинская,-,-,-,-,-,0
443,9,Новосибирская,-,-,-,-,-,0
445,9,Новосибирская,-,-,-,-,-,0
1158,9,Сахалинская,-,-,-,-,-,0
2126,9,Новосибирская,-,-,-,-,-,0
2257,9,Новосибирская,-,-,-,-,-,0
2461,9,Новосибирская,-,-,-,-,-,0
2486,9,Забайкальский,-,-,-,-,-,0
3093,9,Забайкальский,-,-,-,-,-,0
3525,9,Челябинская,-,-,-,-,-,0
3546,9,Красноярский,-,-,-,-,-,0
3789,9,Новосибирская,-,-,-,-,-,0
3791,9,Новосибирская,-,-,-,-,-,0
4053,9,Новосибирская,-,-,-,-,-,0
4798,9,Новосибирская,-,-,-,-,-,0
4826,9,Республика Узбекистан,-,-,-,-,-,0
5023,9,Алтайский,-,-,-,-,-,0
5519,9,Свердловская,-,-,-,-,-,0
5651,9,Кемеровская область - Кузбасс,-,-,-,-,-,0
5730,9,Саха /Якутия/,-,-,-,-,-,0
6581,9,Хабаровский,-,-,-,-,-,0
6777,9,Саха /Якутия/,-,-,-,-,-,0
6953,9,Алтайский,-,-,-,-,-,0
6958,9,Кемеровская область - Кузбасс,-,-,-,-,-,0
7128,9,Томская,-,-,-,-,-,0
7738,9,Новосибирская,-,-,-,-,-,0
7785,9,Иркутская,-,-,-,-,-,0
7924,9,Новосибирская,-,-,-,-,-,0
7996,9,Тюменская,-,-,-,-,-,0
8149,9,Новосибирская,-,-,-,-,-,0
8321,9,Новосибирская,-,-,-,-,-,0
8433,9,Омская,-,-,-,-,-,0
8597,9,Курганская,-,-,-,-,-,0
9040,9,Забайкальский,-,-,-,-,-,0
9079,9,Забайкальский,-,-,-,-,-,0
9487,9,Новосибирская,-,-,-,-,-,0
9562,9,Кемеровская область - Кузбасс,-,-,-,-,-,0
10080,9,Кемеровская область - Кузбасс,-,-,-,-,-,0
10085,9,Бурятия,-,-,-,-,-,0
10651,9,Кемеровская область - Кузбасс,-,-,-,-,-,0
10879,9,Новосибирская,-,-,-,-,-,0
10990,9,Ханты-Мансийский Автономный округ - Югра,-,-,-,-,-,0
11004,9,Красноярский,-,-,-,-,-,0
11185,9,Бурятия,-,-,-,-,-,0
11421,9,Тюменская,-,-,-,-,-,0
11496,9,Новосибирская,-,-,-,-,-,0
11628,9,Новосибирская,-,-,-,-,-,0
11648,9,Алтайский,-,-,-,-,-,0
11692,9,Новосибирская,-,-,-,-,-,0
12025,9,Новосибирская,0,-,0,-,0,0
12085,9,Новосибирская,-,-,-,-,-,0
12152,9,Новосибирская,-,-,-,-,-,0
12178,9,Омская,-,-,-,-,-,0
12260,9,Тюменская,-,-,-,-,-,0
12293,9,Новосибирская,-,-,-,-,-,0
12303,9,Алтайский,-,-,-,-,-,0
12538,9,Свердловская,-,-,-,-,-,0
12753,9,Тюменская,-,-,-,-,-,0
12873,9,Новосибирская,-,-,-,-,-,0
12894,9,Хакасия,-,-,-,-,-,0
13114,9,Новосибирская,-,-,-,-,-,0
13127,9,Новосибирская,-,-,-,-,-,0
13474,9,Свердловская,-,-,-,-,-,0
13793,9,Бурятия,-,-,-,-,-,0
13877,9,Иркутская,-,-,-,-,-,0
13990,9,Ханты-Мансийский Автономный округ - Югра,-,-,-,-,-,0
14325,9,Забайкальский,-,-,-,-,-,0
14346,9,Бурятия,-,-,-,-,-,0
14859,9,Кемеровская область - Кузбасс,-,-,-,-,-,0
15112,9,Тюменская,-,-,-,-,-,0
15163,9,Бурятия,-,-,-,-,-,0
15468,9,Новосибирская,-,-,-,-,-,0
15744,9,Алтайский,-,-,-,-,-,0
15949,9,Алтайский,-,-,-,-,-,0
16155,9,Забайкальский,-,-,-,-,-,0
16164,9,Иркутская,-,-,-,-,-,0
16702,9,Тюменская,-,-,-,-,-,0
16900,9,Ханты-Мансийский Автономный округ - Югра,-,-,-,-,-,0
16960,9,Омская,-,-,-,-,-,0
17032,9,Хакасия,-,-,-,-,-,0
17286,9,Новосибирская,-,-,-,-,-,0
17829,9,Иркутская,-,-,-,-,-,0
18029,9,Кемеровская область - Кузбасс,-,-,-,-,-,0
18233,9,Кемеровская область - Кузбасс,-,-,-,-,-,0
18271,9,Забайкальский,-,-,-,-,-,0
18339,9,Хабаровский,-,-,-,-,-,0
18401,9,Тюменская,-,-,-,-,-,0
18757,9,Алтайский,-,-,-,-,-,0
18771,9,Приморский,-,-,-,-,-,0
19166,9,Кемеровская область - Кузбасс,-,-,-,-,-,0
19826,9,Челябинская,-,-,-,-,-,0
19842,9,Новосибирская,-,-,-,-,-,0
19892,9,Бурятия,-,-,-,-,-,0
19966,9,Новосибирская,-,-,-,-,-,0
20504,9,Кемеровская область - Кузбасс,-,-,-,-,-,0
20662,9,Кемеровская область - Кузбасс,-,-,-,-,-,0
21514,9,Алтайский,-,-,-,-,-,0
21626,9,Кемеровская область - Кузбасс,-,-,-,-,-,0
21640,9,Новосибирская,0,0,-,-,-,0
21889,9,Челябинская,-,-,-,-,-,0
21899,9,Новосибирская,-,-,-,-,-,0
21964,9,Республика Казахстан,-,-,-,-,-,0
22066,9,Омская,-,-,-,-,-,0
22133,9,Алтайский,-,-,-,-,-,0
22440,9,Новосибирская,-,-,-,-,-,0
22454,9,Новосибирская,-,-,-,-,-,0
22542,9,Новосибирская,-,-,-,-,-,0
22650,9,Новосибирская,-,-,-,-,-,0
22857,9,Свердловская,-,-,-,-,-,0
22965,9,Кемеровская область - Кузбасс,-,-,-,-,-,0
23128,9,Тюменская,-,-,-,-,-,0
23158,9,Новосибирская,-,-,-,-,-,0
23370,9,Курганская,-,-,-,-,-,0
23858,9,Ханты-Мансийский Автономный округ - Югра,-,-,-,-,-,0
23871,9,Республика Казахстан,-,-,-,-,-,0
23910,9,Челябинская,-,-,-,-,-,0
23975,9,Новосибирская,-,-,-,-,-,0
24088,9,Новосибирская,-,-,-,-,-,0
24348,9,Алтайский,-,-,-,-,-,0
24375,9,Иркутская,-,-,-,-,-,0
24405,9,Красноярский,-,-,-,-,-,0
24470,9,Бурятия,-,-,-,-,-,0
24557,9,Томская,-,-,-,-,-,0
24580,9,Новосибирская,-,-,-,-,-,0
25101,9,Челябинская,-,-,-,-,-,0
25410,9,Новосибирская,-,-,-,-,-,0
25516,9,Алтайский,-,-,-,-,-,0
25664,9,Алтайский,-,-,-,-,-,0
25691,9,Челябинская,-,-,-,-,-,0
25825,9,Челябинская,-,-,-,-,-,0
25962,9,Алтайский,-,-,-,-,-,0
26157,9,Томская,-,-,-,-,-,0
26320,9,Новосибирская,-,-,-,-,-,0
27248,9,Новосибирская,-,-,-,-,-,0
27474,9,Свердловская,-,-,-,-,-,0
28546,9,Саха /Якутия/,-,-,-,-,-,0
28573,9,Курганская,-,-,-,-,-,0
28635,9,Томская,-,-,-,-,-,0
28856,9,Курганская,-,-,-,-,-,0
29111,9,Новосибирская,-,-,-,-,-,0
29179,9,Алтайский,-,-,-,-,-,0
29426,9,Хабаровский,-,-,-,-,-,0
29428,9,Бурятия,-,-,-,-,-,0
29481,9,Тюменская,-,-,-,-,-,0
29604,9,Свердловская,-,-,-,-,-,0
30087,9,Саха /Якутия/,-,-,-,-,-,0
30196,9,Ханты-Мансийский Автономный округ - Югра,-,-,-,-,-,0
30310,9,Алтайский,-,-,-,-,-,0
30313,9,Свердловская,-,-,-,-,-,0
30468,9,Кемеровская область - Кузбасс,-,-,-,-,-,0
30576,9,Тыва,-,-,-,-,-,0
30579,9,Тыва,-,-,-,-,-,0
30627,9,Свердловская,-,-,-,-,-,0
30714,9,Новосибирская,-,-,-,-,-,0
30788,9,Новосибирская,-,-,-,-,-,0
30829,9,Новосибирская,-,-,-,-,-,0
30930,9,Кемеровская область - Кузбасс,-,-,-,-,-,0,
31081,9,Свердловская,-,-,-,-,-,0,
31272,9,Новосибирская,-,-,-,-,-,0,
31323,9,Саха /Якутия/,-,-,-,-,-,0,
31330,9,Новосибирская,-,-,-,-,-,0,
31482,9,Новосибирская,-,-,-,-,-,0,
31518,9,Сахалинская,-,-,-,-,-,0,
31523,9,Курганская,-,-,-,-,-,0,
31635,9,Тюменская,-,-,-,-,-,0,
31748,9,Красноярский,-,-,-,-,-,0,
32186,9,Хабаровский,-,-,-,-,-,0,
32202,9,Иркутская,-,-,-,-,-,0,
32204,9,Курганская,-,-,-,-,0,0,
32237,9,Новосибирская,-,-,-,-,-,0,
32383,9,Приморский,-,-,-,-,-,0,
32439,9,Саха /Якутия/,-,-,-,-,-,0,
32458,9,Кемеровская область - Кузбасс,-,-,-,-,-,0,
32517,9,Курганская,-,-,-,-,-,0,
32521,9,Курганская,-,-,-,-,-,0,
32598,9,Новосибирская,-,-,-,-,-,0,
32599,9,Новосибирская,-,-,-,-,-,0,
32608,9,Новосибирская,-,-,-,-,-,0,
32610,9,Новосибирская,-,-,-,-,-,0,
32702,9,Томская,-,-,-,-,-,0,
32711,9,Новосибирская,-,-,-,-,-,0,
16821,10,Ханты-Мансийский Автономный округ - Югра,7,7,7,7,7,35,Победитель
31400,10,Новосибирская,7,7,7,7,7,35,Победитель
12202,10,Ханты-Мансийский Автономный округ - Югра,6,6,7,7,7,33,Победитель
17345,10,Ханты-Мансийский Автономный округ - Югра,7,7,7,7,2,30,Победитель
24961,10,Красноярский,7,7,7,7,2,30,Победитель
28572,10,Приморский,7,7,7,7,-,28,Победитель
31137,10,Новосибирская,7,7,0,7,7,28,Победитель
2207,10,Ханты-Мансийский Автономный округ - Югра,-,6,7,7,5,25,Победитель
21770,10,Ханты-Мансийский Автономный округ - Югра,-,6,7,7,5,25,Победитель
887,10,Ханты-Мансийский Автономный округ - Югра,-,7,7,7,1,22,Победитель
15999,10,Алтайский,1,-,7,7,7,22,Победитель
25579,10,Омская,1,7,7,7,-,22,Победитель
4679,10,Новосибирская,7,7,7,-,-,21,Призёр
5007,10,Новосибирская,7,0,7,7,-,21,Призёр
21080,10,Красноярский,7,7,7,0,0,21,Призёр
24959,10,Красноярский,7,0,7,7,-,21,Призёр
28618,10,Красноярский,7,-,7,7,-,21,Призёр
28653,10,Красноярский,7,0,7,7,-,21,Призёр
31880,10,Красноярский,-,-,7,7,7,21,Призёр
32049,10,Республика Казахстан,1,6,7,7,0,21,Призёр
4736,10,Ханты-Мансийский Автономный округ - Югра,1,7,7,-,5,20,Призёр
12484,10,Курганская,6,-,7,7,-,20,Призёр
16060,10,Ханты-Мансийский Автономный округ - Югра,1,0,7,7,4,19,Призёр
26803,10,Кемеровская область - Кузбасс,5,7,7,-,0,19,Призёр
30019,10,Иркутская,1,0,7,7,4,19,Призёр
30609,10,Республика Казахстан,0,7,7,0,5,19,Призёр
20617,10,Хабаровский,4,7,7,-,-,18,Призёр
31879,10,Красноярский,1,0,7,7,1,16,Призёр
28115,10,Кемеровская область - Кузбасс,0,0,7,6,2,15,Призёр
11479,10,Новосибирская,7,-,7,-,0,14,Призёр
13774,10,Новосибирская,-,7,7,0,-,14,Призёр
15934,10,Новосибирская,7,-,7,-,-,14,Призёр
19314,10,Курганская,7,0,7,-,-,14,Призёр
29313,10,Курганская,-,-,7,7,-,14,Призёр
31872,10,Красноярский,0,-,7,7,-,14,Призёр
22741,10,Камчатский,6,-,7,0,-,13,Призёр
28716,10,Приморский,1,3,7,0,2,13,Призёр
10977,10,Алтайский,0,-,7,-,3,10,
13441,10,Омская,1,0,0,7,2,10,
21939,10,Новосибирская,0,6,4,0,0,10,
27423,10,Новосибирская,1,-,7,-,2,10,
28282,10,Кемеровская область - Кузбасс,1,0,0,7,2,10,
30703,10,Челябинская,0,0,7,0,2,9,
1996,10,Ханты-Мансийский Автономный округ - Югра,1,-,7,-,-,8,
14363,10,Сахалинская,1,-,5,-,2,8,
31140,10,Новосибирская,1,0,7,0,-,8
32132,10,Курганская,1,-,7,-,-,8
4721,10,Челябинская,1,-,4,-,2,7
8876,10,Новосибирская,7,-,-,-,-,7
10845,10,Новосибирская,-,-,7,-,-,7
26285,10,Красноярский,-,-,7,-,-,7
31025,10,Кемеровская область - Кузбасс,0,-,7,0,-,7
11478,10,Омская,1,3,0,-,2,6
12067,10,Омская,4,-,0,-,2,6
28360,10,Новосибирская,0,-,4,-,2,6
31051,10,Республика Казахстан,-,-,4,0,2,6
7843,10,Кемеровская область - Кузбасс,1,-,4,0,-,5
28949,10,Новосибирская,1,-,0,-,3,4
31570,10,Красноярский,1,-,3,0,-,4
32154,10,Камчатский,1,0,0,0,2,3
32423,10,Новосибирская,1,-,0,-,2,3
32450,10,Новосибирская,1,-,0,-,2,3
15336,10,Республика Узбекистан,0,0,0,-,2,2
3040,10,Новосибирская,1,-,-,-,-,1
3803,10,Саха /Якутия/,1,-,-,-,-,1
18047,10,Ханты-Мансийский Автономный округ - Югра,1,-,0,-,-,1
18256,10,Новосибирская,1,-,-,-,-,1
22324,10,Новосибирская,1,-,0,-,0,1
28971,10,Алтайский,1,-,0,-,0,1
29168,10,Челябинская,1,-,0,-,-,1
29897,10,Республика Казахстан,1,0,0,0,0,1
30146,10,Новосибирская,1,-,-,-,-,1
32430,10,Новосибирская,1,0,0,0,0,1
32441,10,Новосибирская,1,0,-,-,-,1
106,10,Красноярский,-,-,-,-,-,0
131,10,Ханты-Мансийский Автономный округ - Югра,-,-,-,-,-,0
180,10,Челябинская,-,-,-,-,-,0
449,10,Республика Казахстан,0,0,0,0,0,0
531,10,Новосибирская,-,-,-,-,-,0
627,10,Бурятия,-,-,-,-,-,0
703,10,Новосибирская,-,-,-,-,-,0
731,10,Кемеровская область - Кузбасс,-,-,-,-,-,0
851,10,Республика Казахстан,0,-,-,0,0,0
858,10,Алтайский,-,-,-,-,-,0
873,10,Новосибирская,-,-,-,-,-,0
961,10,Кемеровская область - Кузбасс,-,-,-,-,-,0
1010,10,Новосибирская,-,-,-,-,-,0
1048,10,Республика Казахстан,-,-,0,0,0,0
1546,10,Новосибирская,-,-,-,-,-,0
1592,10,Алтайский,-,-,-,-,-,0
1805,10,Новосибирская,-,-,-,-,-,0
2033,10,Новосибирская,-,-,-,-,-,0
2132,10,Москва,-,-,-,-,-,0
2161,10,Новосибирская,-,-,-,-,-,0
2245,10,Ханты-Мансийский Автономный округ - Югра,-,-,-,-,-,0
2263,10,Новосибирская,-,-,-,-,-,0
2288,10,Бурятия,-,-,-,-,-,0
2289,10,Саха /Якутия/,0,0,0,0,0,0
2318,10,Челябинская,-,-,-,-,-,0
2436,10,Ханты-Мансийский Автономный округ - Югра,-,-,-,-,-,0
2523,10,Новосибирская,-,-,-,-,-,0
2578,10,Сахалинская,0,0,0,0,-,0
2606,10,Новосибирская,-,-,-,-,-,0
2646,10,Хабаровский,-,-,-,-,-,0
2748,10,Новосибирская,0,0,0,0,0,0
2829,10,Омская,-,-,-,-,-,0
3112,10,Новосибирская,-,-,-,-,-,0
3203,10,Бурятия,-,-,-,-,-,0
3820,10,Алтайский,-,-,0,-,0,0
3931,10,Новосибирская,-,-,-,0,-,0
4024,10,Республика Казахстан,-,-,-,-,-,0
4025,10,Новосибирская,-,-,-,-,-,0
4539,10,Новосибирская,-,-,-,-,-,0
4618,10,Новосибирская,-,-,-,-,-,0
4756,10,Томская,-,-,-,-,-,0
4816,10,Новосибирская,-,-,-,-,-,0
4870,10,Новосибирская,-,-,-,-,-,0
5060,10,Челябинская,-,-,-,-,-,0
5211,10,Новосибирская,-,-,-,-,-,0
5525,10,Алтайский,-,-,-,-,-,0
5652,10,Красноярский,-,-,-,-,-,0
5663,10,Новосибирская,-,-,-,-,-,0
5674,10,Кемеровская область - Кузбасс,-,-,-,-,-,0
5695,10,Ханты-Мансийский Автономный округ - Югра,-,-,-,-,-,0
5953,10,Новосибирская,-,-,-,-,-,0
6124,10,Челябинская,-,-,-,-,-,0
6190,10,Новосибирская,-,-,-,-,-,0
6413,10,Ямало-Ненецкий,-,-,-,-,-,0
6585,10,Бурятия,-,-,0,-,-,0
6659,10,Новосибирская,-,-,-,-,-,0
6689,10,Алтайский,-,-,-,-,-,0
6729,10,Саха /Якутия/,-,-,-,-,-,0
6733,10,Новосибирская,-,-,-,-,-,0
6866,10,Новосибирская,-,-,-,-,-,0
7022,10,Новосибирская,-,-,-,-,-,0
7263,10,Алтайский,-,-,-,-,-,0
7324,10,Иркутская,-,-,-,-,-,0
7693,10,Камчатский,-,-,-,-,-,0
7770,10,Тюменская,-,-,-,-,-,0
7809,10,Кемеровская область - Кузбасс,-,-,-,-,-,0
7848,10,Новосибирская,-,-,-,-,-,0
8249,10,Новосибирская,-,-,-,-,-,0
8343,10,Новосибирская,-,-,-,-,-,0
8357,10,Новосибирская,-,-,-,-,-,0
8507,10,Курганская,-,-,-,-,-,0
8972,10,Челябинская,-,-,-,-,-,0
9618,10,Красноярский,-,-,-,-,-,0
10061,10,Забайкальский,-,-,-,-,-,0
10149,10,Красноярский,-,-,-,-,-,0
10158,10,Красноярский,-,-,-,-,-,0
10340,10,Саха /Якутия/,-,-,-,-,-,0
10517,10,Томская,-,-,-,-,-,0
10644,10,Новосибирская,-,-,-,-,-,0
11167,10,Бурятия,-,-,-,-,-,0
11318,10,Свердловская,-,-,-,-,-,0
11475,10,Новосибирская,-,-,-,-,-,0
11489,10,Республика Казахстан,-,-,-,-,-,0
11519,10,Новосибирская,-,-,-,-,-,0
11539,10,Иркутская,-,-,-,-,-,0
11571,10,Республика Казахстан,-,-,-,-,-,0
11966,10,Хабаровский,-,-,-,-,-,0
12003,10,Томская,-,-,-,-,-,0
12024,10,Новосибирская,-,-,-,-,-,0
12164,10,Бурятия,-,-,-,-,-,0
12405,10,Кемеровская область - Кузбасс,-,-,-,-,-,0
12430,10,Омская,-,-,-,-,-,0
12505,10,Тюменская,-,-,-,-,-,0
12531,10,Новосибирская,-,-,-,-,-,0
12919,10,Новосибирская,-,-,-,-,-,0
13091,10,Омская,-,-,-,-,-,0
13120,10,Новосибирская,-,-,-,-,-,0
13156,10,Иркутская,-,-,-,-,-,0
13631,10,Саха /Якутия/,-,-,-,-,-,0
13640,10,Забайкальский,-,-,-,-,-,0
14449,10,Алтайский,-,-,-,-,-,0
14474,10,Бурятия,-,-,-,-,-,0
14587,10,Новосибирская,-,-,-,-,-,0
15270,10,Новосибирская,-,-,-,-,-,0
15313,10,Сахалинская,-,-,-,-,-,0
15495,10,Хакасия,-,-,-,-,-,0
15517,10,Новосибирская,-,-,-,-,-,0
15603,10,Новосибирская,0,-,0,-,0,0
15644,10,Новосибирская,-,-,-,-,-,0
15932,10,Саха /Якутия/,-,-,-,-,-,0
15992,10,Ханты-Мансийский Автономный округ - Югра,-,-,-,-,-,0
16005,10,Ханты-Мансийский Автономный округ - Югра,-,-,-,-,-,0
16092,10,Курганская,-,-,-,-,-,0
16123,10,Ханты-Мансийский Автономный округ - Югра,-,-,-,-,-,0
16399,10,Тюменская,-,-,-,-,-,0
16407,10,Саха /Якутия/,-,-,-,-,-,0
16535,10,Свердловская,-,-,-,-,-,0
16589,10,Свердловская,-,-,0,0,0,0
16829,10,Челябинская,-,-,-,-,-,0
17141,10,Республика Казахстан,-,-,-,-,-,0
17199,10,Иркутская,-,-,-,-,-,0
17813,10,Новосибирская,-,-,-,-,-,0
18149,10,Новосибирская,-,-,-,-,-,0
18762,10,Новосибирская,-,-,-,-,-,0
18763,10,Новосибирская,-,-,-,-,-,0
18768,10,Челябинская,-,-,-,-,-,0
18990,10,Приморский,-,-,-,-,-,0
19066,10,Кемеровская область - Кузбасс,-,-,-,-,-,0
19462,10,Алтайский,-,-,-,-,-,0
19662,10,Новосибирская,-,-,-,-,-,0
19665,10,Новосибирская,-,-,-,-,-,0
19677,10,Новосибирская,-,-,-,-,-,0
20676,10,Бурятия,-,-,-,-,-,0
20856,10,Новосибирская,-,-,-,-,0,0
20919,10,Новосибирская,-,-,-,-,-,0
21262,10,Свердловская,-,-,-,-,-,0
21268,10,Камчатский,-,-,-,-,-,0
21426,10,Новосибирская,-,-,-,-,-,0
21437,10,Новосибирская,-,-,-,-,0,0
21461,10,Бурятия,-,-,-,-,-,0
21472,10,Саха /Якутия/,0,-,0,0,-,0
21529,10,Новосибирская,-,-,-,-,0,0
21606,10,Новосибирская,-,-,-,-,-,0
21724,10,Саха /Якутия/,-,-,-,-,-,0
21741,10,Республика Казахстан,-,-,-,-,-,0
21744,10,Хакасия,-,-,-,-,-,0
21752,10,Саха /Якутия/,-,-,-,-,-,0
21809,10,Забайкальский,-,-,-,-,-,0
21839,10,Новосибирская,-,-,-,-,0,0
21947,10,Новосибирская,-,-,-,-,0,0
21970,10,Республика Казахстан,-,-,-,-,-,0
22067,10,Новосибирская,-,-,-,-,-,0
22300,10,Новосибирская,-,-,-,-,-,0
22358,10,Курганская,-,-,-,-,-,0
22381,10,Новосибирская,-,-,-,-,0,0
22534,10,Новосибирская,-,-,-,-,-,0
22549,10,Томская,-,-,-,-,-,0
22744,10,Камчатский,-,-,-,-,-,0
22851,10,Саха /Якутия/,-,-,-,-,-,0
22909,10,Новосибирская,-,-,-,-,-,0
22964,10,Бурятия,-,-,-,-,-,0
23202,10,Новосибирская,-,-,-,-,-,0
23259,10,Новосибирская,-,-,0,-,0,0
23403,10,Красноярский,-,-,-,-,-,0
23481,10,Хабаровский,-,-,-,-,-,0
23991,10,Тюменская,-,-,-,-,-,0
24578,10,Кемеровская область - Кузбасс,-,-,-,-,-,0
24606,10,Томская,-,-,-,-,-,0
24727,10,Новосибирская,-,-,-,-,-,0
24812,10,Красноярский,-,-,-,-,-,0
24936,10,Алтайский,-,-,-,-,-,0
25129,10,Алтайский,-,-,-,-,-,0
25554,10,Бурятия,-,-,-,-,-,0
25685,10,Томская,-,-,-,-,-,0
25694,10,Тыва,-,-,-,-,-,0
25741,10,Новосибирская,-,-,-,-,-,0
26138,10,Новосибирская,-,-,-,-,-,0
26728,10,Забайкальский,-,-,-,-,-,0
26735,10,Челябинская,-,-,-,-,-,0
27136,10,Забайкальский,-,-,-,-,-,0
27449,10,Кемеровская область - Кузбасс,-,-,-,-,-,0
27688,10,Республика Казахстан,-,-,-,-,-,0
27712,10,Республика Казахстан,-,-,-,-,-,0
27713,10,Республика Казахстан,-,-,-,-,-,0
28142,10,Челябинская,-,-,-,-,-,0
28433,10,Ханты-Мансийский Автономный округ - Югра,-,-,-,-,-,0
28519,10,Курганская,-,-,-,-,-,0
28654,10,Забайкальский,-,-,-,-,-,0
29029,10,Красноярский,-,-,-,-,-,0
29042,10,Челябинская,-,-,-,-,-,0
29323,10,Курганская,-,-,-,-,-,0
29407,10,Алтайский,-,-,-,-,-,0
29589,10,Алтайский,-,-,-,-,-,0
29734,10,Челябинская,-,-,-,-,-,0
29818,10,Новосибирская,-,-,-,-,-,0
29843,10,Новосибирская,-,-,-,-,-,0
29876,10,Алтайский,-,-,-,-,-,0
29925,10,Ханты-Мансийский Автономный округ - Югра,-,-,-,-,-,0
30034,10,Новосибирская,-,-,-,-,-,0
30185,10,Новосибирская,-,-,-,-,-,0
30211,10,Новосибирская,-,-,-,-,-,0
30297,10,Приморский,-,-,-,-,-,0
30303,10,Кемеровская область - Кузбасс,-,-,-,-,-,0
30374,10,Свердловская,-,-,-,-,-,0
30437,10,Новосибирская,-,-,-,-,-,0
30479,10,Красноярский,-,-,-,-,-,0
30600,10,Кемеровская область - Кузбасс,-,-,-,-,-,0
30613,10,Новосибирская,-,-,-,-,-,0
30660,10,Челябинская,-,-,-,-,-,0
30751,10,Челябинская,-,-,-,-,-,0
30871,10,Кемеровская область - Кузбасс,-,-,-,-,-,0
30899,10,Челябинская,-,-,-,-,-,0
31066,10,Иркутская,-,-,-,-,-,0
31070,10,Иркутская,-,-,-,-,-,0
31124,10,Новосибирская,-,-,-,-,-,0
31290,10,Красноярский,-,-,-,-,-,0
31445,10,Челябинская,-,-,-,-,-,0,
31457,10,Свердловская,-,-,-,-,-,0,
31586,10,Республика Молдова,-,-,-,-,-,0,
31649,10,Ханты-Мансийский Автономный округ - Югра,-,-,-,-,-,0,
31728,10,Свердловская,-,-,-,-,-,0,
31819,10,Красноярский,-,-,-,-,-,0,
31868,10,Красноярский,-,-,-,-,-,0,
31870,10,Красноярский,-,-,-,-,-,0,
31871,10,Красноярский,-,-,-,-,-,0,
31915,10,Красноярский,-,-,-,-,-,0,
31955,10,Иркутская,-,-,-,-,-,0,
32163,10,Челябинская,-,-,-,-,-,0,
32195,10,Иркутская,-,-,-,-,-,0,
32244,10,Челябинская,-,-,-,-,-,0,
32260,10,Новосибирская,-,-,-,-,-,0,
32312,10,Саха /Якутия/,-,-,-,-,-,0,
32413,10,Новосибирская,-,-,-,-,-,0,
32428,10,Новосибирская,-,-,-,-,-,0,
32429,10,Новосибирская,-,-,-,-,-,0,
32435,10,Новосибирская,-,-,-,-,-,0,
32466,10,Новосибирская,-,-,-,-,-,0,
32710,10,Саха /Якутия/,-,-,-,-,-,0,
32728,10,Саха /Якутия/,-,-,-,-,-,0,
32730,10,Приморский,-,-,-,-,-,0,
32740,10,Красноярский,-,-,-,-,-,0,
32926,10,Иркутская,0,0,0,-,0,0,
12553,11,Омская,7,7,7,6,7,34,Победитель
6812,11,Свердловская,6,7,7,5,7,32,Победитель
11670,11,Республика Казахстан,7,7,6,6,6,32,Победитель
24381,11,Свердловская,7,7,5,6,6,31,Победитель
13358,11,Свердловская,7,7,7,6,3,30,Победитель
29976,11,Приморский,7,7,7,6,3,30,Победитель
9624,11,Новосибирская,7,7,2,6,7,29,Победитель
21612,11,Свердловская,6,7,7,6,3,29,Победитель
31357,11,Республика Таджикистан,7,7,4,3,7,28,Победитель
4880,11,Ханты-Мансийский Автономный округ - Югра,7,7,7,6,0,27,Победитель
5839,11,Новосибирская,7,7,2,4,5,25,Победитель
22525,11,Свердловская,6,7,-,5,7,25,Победитель
9774,11,Ханты-Мансийский Автономный округ - Югра,7,7,4,6,0,24,Победитель
12552,11,Омская,6,7,7,4,0,24,Победитель
21513,11,Омская,-,7,7,4,6,24,Победитель
22090,11,Ханты-Мансийский Автономный округ - Югра,6,7,0,5,6,24,Победитель
6943,11,Свердловская,7,7,-,5,4,23,Победитель
10687,11,Свердловская,7,7,2,3,4,23,Победитель
11744,11,Челябинская,-,7,7,7,2,23,Победитель
14939,11,Ханты-Мансийский Автономный округ - Югра,5,7,5,3,3,23,Победитель
16079,11,Новосибирская,7,7,-,5,4,23,Победитель
29364,11,Красноярский,5,7,0,7,4,23,Победитель
242,11,Омская,-,7,5,3,7,22,Победитель
17909,11,Кемеровская область - Кузбасс,7,7,-,6,2,22,Победитель
31361,11,Свердловская,7,7,-,6,2,22,Победитель
31596,11,Челябинская,1,7,6,4,4,22,Победитель
3776,11,Свердловская,6,2,7,6,-,21,Призёр
4829,11,Челябинская,0,7,4,3,7,21,Призёр
5602,11,Новосибирская,5,7,3,5,1,21,Призёр
16766,11,Новосибирская,4,5,0,6,6,21,Призёр
28651,11,Алтайский,6,7,4,-,4,21,Призёр
31028,11,Саха /Якутия/,7,7,0,3,4,21,Призёр
31456,11,Красноярский,7,5,6,3,0,21,Призёр
32953,11,Челябинская,7,7,-,6,1,21,Призёр
1531,11,Свердловская,7,7,2,3,1,20,Призёр
13530,11,Челябинская,1,7,2,4,6,20,Призёр
14988,11,Свердловская,7,7,2,4,-,20,Призёр
21181,11,Бурятия,4,7,6,3,0,20,Призёр
29338,11,Челябинская,-,7,7,6,0,20,Призёр
32676,11,Челябинская,7,7,-,6,0,20,Призёр
2468,11,Свердловская,4,7,-,4,4,19,Призёр
14864,11,Ханты-Мансийский Автономный округ - Югра,2,7,5,3,2,19,Призёр
16024,11,Алтайский,1,7,2,6,3,19,Призёр
19653,11,Кемеровская область - Кузбасс,7,7,-,5,0,19,Призёр
29523,11,Курганская,6,7,-,6,-,19,Призёр
3780,11,Республика Казахстан,0,7,4,6,1,18,Призёр
14453,11,Новосибирская,-,7,2,6,3,18,Призёр
23270,11,Челябинская,2,7,-,6,3,18,Призёр
26610,11,Кемеровская область - Кузбасс,7,7,-,4,0,18,Призёр
30768,11,Свердловская,7,7,-,4,-,18,Призёр
1901,11,Томская,1,7,3,6,0,17,Призёр
3834,11,Красноярский,-,7,-,6,4,17,Призёр
8728,11,Сахалинская,0,7,0,6,4,17,Призёр
6089,11,Челябинская,1,7,-,4,4,16,Призёр
4394,11,Кемеровская область - Кузбасс,2,7,-,5,1,15,
14928,11,Ханты-Мансийский Автономный округ - Югра,1,7,0,3,4,15,
23538,11,Алтайский,0,7,0,3,5,15,
25687,11,Челябинская,7,1,3,3,1,15,
31532,11,Ханты-Мансийский Автономный округ - Югра,1,7,3,3,1,15,
5833,11,Ханты-Мансийский Автономный округ - Югра,0,7,1,3,3,14,
6754,11,Тюменская,1,7,0,4,2,14,
7214,11,Свердловская,0,7,0,7,-,14,
11584,11,Алтайский,0,1,7,6,0,14,
17027,11,Свердловская,7,7,-,-,-,14,
23631,11,Новосибирская,1,1,2,6,4,14,
1666,11,Новосибирская,1,5,4,3,-,13,
2118,11,Республика Узбекистан,-,2,1,3,7,13,
18244,11,Ханты-Мансийский Автономный округ - Югра,1,6,0,3,3,13,
27403,11,Саха /Якутия/,-,7,-,4,2,13,
28346,11,Кемеровская область - Кузбасс,0,7,3,3,-,13,
31590,11,Красноярский,2,7,4,-,-,13,
2308,11,Красноярский,3,5,3,-,1,12,
8746,11,Новосибирская,-,7,2,3,0,12,
11444,11,Бурятия,-,7,0,4,1,12,
22566,11,Республика Беларусь,0,7,2,3,-,12,
1560,11,Бурятия,1,7,-,3,-,11,
4992,11,Тюменская,1,0,0,6,4,11,
17114,11,Бурятия,-,7,1,3,0,11,
20864,11,Бурятия,1,7,-,3,-,11,
24584,11,Томская,3,7,1,-,-,11
26897,11,Иркутская,-,7,1,3,-,11
29918,11,Новосибирская,7,0,-,4,-,11
3798,11,Республика Казахстан,0,7,-,3,-,10
17709,11,Тюменская,-,7,-,3,-,10
20685,11,Республика Узбекистан,1,0,9,0,0,10
23094,11,Камчатский,1,7,-,2,0,10
28434,11,Новосибирская,-,4,0,6,-,10
8396,11,Республика Узбекистан,1,7,0,0,-,8
13635,11,Республика Таджикистан,0,4,-,3,1,8
16917,11,Кемеровская область - Кузбасс,7,-,-,-,1,8
22444,11,Томская,0,2,3,3,-,8
31068,11,Томская,-,7,-,1,-,8
32286,11,Республика Казахстан,1,7,0,0,0,8
32484,11,Тюменская,1,7,-,0,-,8
7290,11,Курганская,0,7,-,-,-,7
30828,11,Курганская,-,7,-,-,-,7
32326,11,Курганская,-,7,-,-,-,7
32801,11,Саха /Якутия/,-,7,-,0,-,7
11578,11,Томская,-,0,-,5,1,6
32964,11,Красноярский,0,-,2,3,0,5
1507,11,Республика Казахстан,0,4,0,0,0,4
30469,11,Курганская,0,3,0,-,-,3
31775,11,Тюменская,0,3,-,-,-,3
2696,11,Забайкальский,1,1,0,0,-,2
30932,11,Республика Таджикистан,0,1,-,-,1,2
4530,11,Хакасия,1,-,-,-,-,1
23647,11,Республика Казахстан,1,0,0,0,0,1
26771,11,Республика Узбекистан,1,0,0,0,0,1
30692,11,Республика Казахстан,0,1,0,0,0,1
30693,11,Республика Казахстан,-,1,0,0,0,1
31108,11,Томская,0,1,-,-,-,1
190,11,Свердловская,-,-,-,-,-,0
212,11,Челябинская,-,-,-,-,-,0
527,11,Новосибирская,-,-,-,-,-,0
534,11,Новосибирская,-,-,-,-,-,0
628,11,Новосибирская,-,-,-,-,-,0
635,11,Новосибирская,-,-,-,-,-,0
805,11,Новосибирская,-,-,-,-,-,0
1457,11,Челябинская,-,-,-,-,-,0
1506,11,Саха /Якутия/,-,-,-,-,-,0
1552,11,Ямало-Ненецкий,-,-,-,-,-,0
1609,11,Новосибирская,-,-,-,-,-,0
1685,11,Челябинская,-,-,-,-,-,0
1742,11,Курганская,-,-,-,-,-,0
1853,11,Красноярский,-,-,-,-,-,0
1962,11,Кемеровская область - Кузбасс,-,-,-,-,-,0
1997,11,Новосибирская,-,-,-,-,-,0
2011,11,Новосибирская,-,-,-,-,-,0
2055,11,Свердловская,-,-,-,-,-,0
2115,11,Новосибирская,-,-,-,-,-,0
2146,11,Новосибирская,-,-,-,-,-,0
2243,11,Новосибирская,-,-,-,-,-,0
2387,11,Свердловская,-,0,-,-,-,0
2565,11,Новосибирская,-,-,-,-,-,0
2856,11,Челябинская,-,-,-,-,-,0
2872,11,Челябинская,-,-,-,-,-,0
2901,11,Новосибирская,-,-,-,-,-,0
3534,11,Омская,-,-,-,-,-,0
3706,11,Свердловская,-,-,-,-,-,0
3721,11,Республика Казахстан,-,-,-,-,-,0
3847,11,Свердловская,-,-,-,-,-,0
3980,11,Кемеровская область - Кузбасс,-,-,-,-,-,0
4396,11,Алтайский,-,-,-,-,-,0
4579,11,Новосибирская,-,-,-,-,-,0
4665,11,Бурятия,-,-,-,-,-,0
4982,11,Новосибирская,-,-,-,-,-,0
5104,11,Свердловская,-,-,-,-,-,0
5607,11,Саха /Якутия/,-,-,-,-,-,0
5631,11,Новосибирская,-,-,-,-,-,0
5697,11,Новосибирская,-,-,-,-,-,0
5702,11,Сахалинская,-,-,-,-,-,0
5785,11,Новосибирская,-,-,-,-,-,0
5852,11,Свердловская,-,-,-,-,-,0
5922,11,Иркутская,-,-,-,-,-,0
6608,11,Саха /Якутия/,-,-,-,-,-,0
6702,11,Хабаровский,-,-,-,-,-,0
6737,11,Алтайский,-,-,-,-,-,0
6758,11,Приморский,-,-,-,-,-,0
7052,11,Забайкальский,-,-,-,-,-,0
7150,11,Иркутская,-,-,-,-,-,0
7153,11,Свердловская,-,-,-,-,-,0
7461,11,Свердловская,-,-,-,-,-,0
7593,11,Свердловская,-,-,-,-,-,0
7793,11,Новосибирская,-,-,-,-,-,0
7926,11,Сахалинская,-,-,-,-,-,0
7955,11,Новосибирская,-,-,-,-,-,0
7985,11,Свердловская,-,-,-,-,-,0
8210,11,Новосибирская,-,-,-,-,-,0
8222,11,Новосибирская,-,-,-,-,-,0
8246,11,Новосибирская,-,-,-,-,-,0
8466,11,Хакасия,-,-,-,-,-,0
8716,11,Свердловская,-,-,-,-,-,0
9789,11,Тюменская,-,-,-,-,-,0
9859,11,Новосибирская,-,-,-,-,-,0
10176,11,Ханты-Мансийский Автономный округ - Югра,-,-,-,-,-,0
10225,11,Новосибирская,-,-,-,-,-,0
10330,11,Кемеровская область - Кузбасс,-,-,-,-,-,0
10382,11,Саха /Якутия/,-,-,-,-,-,0
10586,11,Сахалинская,-,-,-,-,-,0
10730,11,Ямало-Ненецкий,-,-,-,-,-,0
10791,11,Новосибирская,-,-,-,-,-,0
10958,11,Республика Узбекистан,-,-,-,-,-,0
10983,11,Свердловская,-,-,-,-,-,0
11439,11,Республика Узбекистан,-,-,-,-,-,0
11704,11,Саха /Якутия/,-,-,-,-,-,0
11786,11,Республика Узбекистан,0,0,0,0,0,0
11983,11,Забайкальский,-,-,-,-,-,0
12010,11,Новосибирская,-,-,-,-,-,0
12228,11,Свердловская,-,-,-,-,-,0
12235,11,Свердловская,-,-,-,-,-,0
12278,11,Республика Узбекистан,-,-,-,-,-,0
12331,11,Томская,-,-,-,-,-,0
12420,11,Иркутская,-,-,-,-,-,0
12645,11,Республика Узбекистан,-,-,-,-,-,0
12655,11,Челябинская,-,-,-,-,-,0
12780,11,Тюменская,-,-,-,-,-,0
13148,11,Еврейская,-,-,-,-,-,0
13272,11,Новосибирская,-,-,-,-,-,0
13273,11,Кемеровская область - Кузбасс,-,-,-,-,-,0
13324,11,Новосибирская,-,-,-,-,-,0
13682,11,Саха /Якутия/,-,-,-,-,-,0
13893,11,Новосибирская,-,-,-,-,-,0
14145,11,Новосибирская,-,-,-,-,-,0
14302,11,Республика Узбекистан,-,-,-,-,-,0
14323,11,Курганская,-,-,-,-,-,0
14356,11,Сахалинская,-,-,-,-,-,0
14476,11,Алтайский,-,-,-,-,-,0
14508,11,Иркутская,-,-,-,-,-,0
14518,11,Забайкальский,-,-,-,-,-,0
14550,11,Томская,-,-,-,-,-,0
14605,11,Красноярский,-,-,-,-,-,0
14654,11,Красноярский,-,-,-,-,-,0
14812,11,Омская,-,-,-,-,-,0
14927,11,Свердловская,-,-,-,-,-,0
15082,11,Красноярский,-,-,-,-,-,0
15142,11,Камчатский,-,-,-,-,-,0
15147,11,Омская,-,-,-,-,-,0
15155,11,Омская,-,-,-,-,-,0
15675,11,Республика Узбекистан,-,-,-,-,-,0
15961,11,Свердловская,-,-,-,-,-,0
16036,11,Забайкальский,-,-,-,-,-,0
16059,11,Алтайский,-,-,-,-,-,0
16122,11,Забайкальский,-,-,-,-,-,0
16125,11,Новосибирская,-,-,-,-,-,0
16161,11,Алтайский,-,-,-,-,-,0
16204,11,Томская,-,-,-,-,-,0
16230,11,Ханты-Мансийский Автономный округ - Югра,-,-,-,-,-,0
16248,11,Ханты-Мансийский Автономный округ - Югра,-,-,-,-,-,0
16481,11,Алтайский,-,-,-,-,-,0
16983,11,Новосибирская,-,-,-,-,-,0
17226,11,Забайкальский,-,-,-,-,-,0
17277,11,Томская,-,-,-,-,-,0
17610,11,Тюменская,-,-,-,-,-,0
18013,11,Тюменская,-,-,-,-,-,0
18062,11,Республика Казахстан,-,-,-,-,-,0
18150,11,Алтайский,-,-,-,-,-,0
18273,11,Иркутская,-,-,-,-,-,0
18382,11,Новосибирская,-,-,-,-,-,0
18418,11,Республика Казахстан,-,-,-,-,-,0
18534,11,Алтайский,-,-,-,-,-,0
18557,11,Новосибирская,-,-,-,-,-,0
18597,11,Новосибирская,-,-,-,-,-,0
18765,11,Республика Казахстан,-,0,0,0,0,0
19776,11,Омская,-,-,-,-,-,0
20169,11,Алтайский,-,-,-,-,-,0
20391,11,Приморский,-,-,-,-,-,0
20690,11,Иркутская,-,-,-,-,-,0
20710,11,Кемеровская область - Кузбасс,-,-,-,-,-,0
20806,11,Республика Казахстан,-,-,-,-,-,0
20836,11,Челябинская,-,-,-,-,-,0
21433,11,Алтайский,-,-,-,-,-,0
21476,11,Алтай,-,-,-,-,-,0
21569,11,Новосибирская,-,-,-,-,-,0
21754,11,Иркутская,-,-,-,-,-,0
21789,11,Свердловская,-,-,-,-,-,0
21840,11,Алтайский,-,-,-,-,-,0
21913,11,Челябинская,-,-,-,-,-,0
22116,11,Кемеровская область - Кузбасс,-,-,-,-,-,0
22139,11,Курганская,-,-,-,-,-,0
22341,11,Новосибирская,-,-,-,-,-,0
22752,11,Красноярский,-,-,-,-,-,0
22768,11,Ямало-Ненецкий,-,-,-,-,-,0
22785,11,Забайкальский,-,-,-,-,-,0
22895,11,Новосибирская,-,-,-,-,-,0
22913,11,Омская,-,-,-,-,-,0
22982,11,Хакасия,-,-,0,-,0,0
23205,11,Томская,-,-,-,-,-,0
23343,11,Амурская,-,-,-,-,-,0
23391,11,Тюменская,-,-,-,-,-,0
23410,11,Алтайский,-,-,-,-,-,0
23438,11,Челябинская,-,-,-,-,-,0
23909,11,Томская,-,-,-,-,-,0
23915,11,Курганская,-,-,-,-,-,0
23980,11,Новосибирская,-,-,-,-,-,0
24122,11,Красноярский,-,-,-,-,-,0
24190,11,Забайкальский,-,-,-,-,-,0
24603,11,Томская,-,-,-,-,-,0
24974,11,Челябинская,-,-,-,-,-,0
25501,11,Приморский,-,-,-,-,-,0
25509,11,Сахалинская,-,-,-,-,-,0
25611,11,Республика Казахстан,-,-,-,-,-,0
25853,11,Республика Казахстан,-,-,-,-,-,0
26105,11,Новосибирская,-,-,-,-,-,0
26774,11,Республика Узбекистан,-,-,-,-,-,0
27253,11,Новосибирская,-,-,-,-,-,0
27907,11,Свердловская,-,-,-,-,-,0
28211,11,Курганская,-,-,-,-,-,0
28731,11,Томская,-,-,-,-,-,0
28857,11,Челябинская,-,-,-,-,-,0
29003,11,Томская,-,-,-,-,-,0
29074,11,Челябинская,-,-,-,-,-,0
29272,11,Саха /Якутия/,-,-,-,-,-,0
29359,11,Алтайский,-,-,-,-,-,0
29568,11,Республика Узбекистан,-,-,-,-,-,0
29575,11,Бурятия,-,-,-,-,-,0
29655,11,Томская,-,-,-,-,-,0
29872,11,Томская,-,-,-,-,-,0
30033,11,Республика Казахстан,0,-,0,0,-,0
30132,11,Приморский,-,-,-,-,-,0
30215,11,Челябинская,-,-,-,-,-,0
30234,11,Курганская,-,-,-,-,-,0
30373,11,Новосибирская,-,-,-,-,-,0
30457,11,Республика Казахстан,-,-,-,-,-,0
30505,11,Свердловская,-,-,-,-,-,0
30560,11,Тыва,-,-,-,-,-,0
30683,11,Республика Казахстан,-,-,-,-,-,0
30691,11,Республика Казахстан,-,-,-,-,-,0
30774,11,Республика Казахстан,-,-,-,-,-,0
30809,11,Республика Казахстан,-,-,-,-,-,0
30836,11,Республика Казахстан,-,-,-,-,-,0
30840,11,Республика Казахстан,-,-,-,-,-,0
30872,11,Челябинская,-,-,-,-,-,0
30879,11,Республика Казахстан,0,0,0,0,-,0
30954,11,Приморский,-,-,-,-,-,0
30967,11,Свердловская,-,-,-,-,-,0
30980,11,Забайкальский,-,-,-,-,-,0
31011,11,Тюменская,-,-,-,-,-,0
31037,11,Приморский,-,-,-,-,-,0
31038,11,Республика Казахстан,-,-,-,-,-,0
31064,11,Новосибирская,-,-,-,-,-,0
31189,11,Республика Узбекистан,-,-,-,-,-,0
31194,11,Республика Узбекистан,-,-,-,-,-,0
31199,11,Республика Узбекистан,0,0,0,0,0,0
31200,11,Республика Узбекистан,-,-,-,-,-,0
31233,11,Республика Казахстан,-,-,-,-,-,0
31255,11,Свердловская,-,-,-,-,-,0
31311,11,Челябинская,-,-,-,-,-,0
31342,11,Тюменская,-,-,-,-,-,0
31386,11,Республика Узбекистан,-,-,-,-,-,0
31459,11,Алтайский,-,-,-,-,-,0
31488,11,Новосибирская,-,-,-,-,-,0
31490,11,Новосибирская,-,-,-,-,-,0
31565,11,Новосибирская,-,-,-,-,-,0
31574,11,Иркутская,-,-,-,-,-,0
31593,11,Алтайский,-,-,-,-,-,0
31636,11,Ханты-Мансийский Автономный округ - Югра,-,-,-,-,-,0
31657,11,Приморский,-,-,-,-,-,0
31670,11,Челябинская,-,-,-,-,-,0
31672,11,Новосибирская,-,-,-,-,-,0
31709,11,Республика Узбекистан,-,0,-,0,-,0
31726,11,Томская,-,-,-,-,-,0
31731,11,Новосибирская,-,-,-,-,-,0
31753,11,Челябинская,-,-,-,-,-,0
31817,11,Саха /Якутия/,-,-,-,-,-,0
31912,11,Амурская,-,-,-,-,-,0
31973,11,Республика Таджикистан,-,-,-,-,-,0
31993,11,Иркутская,-,-,-,-,-,0
32011,11,Красноярский,-,-,-,-,-,0
32062,11,Республика Таджикистан,-,-,-,-,-,0
32137,11,Омская,-,-,-,-,-,0
32141,11,Омская,-,-,-,-,-,0
32209,11,Республика Узбекистан,-,-,-,-,-,0
32249,11,Кемеровская область - Кузбасс,-,-,-,-,-,0
32340,11,Республика Узбекистан,-,-,-,-,-,0
32480,11,Республика Таджикистан,-,-,-,-,-,0
32495,11,Свердловская,-,-,-,-,-,0
32614,11,Новосибирская,-,-,-,-,-,0
32615,11,Новосибирская,-,-,-,-,-,0
32734,11,Алтайский,-,-,-,-,-,0
