id,,Класс,Регион,Задача 1,Задача 2,Задача 3,Задача 4,Задача 5,Сумма,Статус
3089,,7,Пензенская,7,7,7,7,7,35,Победитель
16727,,7,Калининградская,7,7,7,7,7,35,Победитель
1333,,7,Томская,7,7,7,6,7,34,Победитель
1334,,7,Томская,7,7,7,6,7,34,Победитель
6669,,7,Тюменская,7,7,7,6,7,34,Победитель
8242,,7,Челябинская,7,7,7,6,7,34,Победитель
12911,,7,Московская,7,7,7,6,7,34,Победитель
27977,,7,Татарстан,7,7,7,6,7,34,Победитель
3854,,7,Республика Казахстан,7,7,7,5,7,33,Победитель
5201,,7,Мордовия,7,7,7,5,7,33,Победитель
15055,,7,Тюменская,7,6,7,6,7,33,Победитель
5646,,7,Республика Казахстан,7,7,7,4,7,32,Победитель
11248,,7,Республика Казахстан,7,7,7,7,4,32,Победитель
442,,7,Новосибирская,7,7,7,4,6,31,Победитель
3397,,7,Краснодарский,7,7,7,6,3,30,Победитель
469,,7,Челябинская,7,7,7,7,0,28,Призёр_2
4605,,7,Курганская,7,7,7,7,0,28,Призёр_2
5906,,7,Новосибирская,7,7,7,7,0,28,Призёр_2
8031,,7,Московская,7,7,7,7,0,28,Призёр_2
8033,,7,Новосибирская,7,7,7,7,0,28,Призёр_2
8880,,7,Удмуртская,7,7,7,7,0,28,Призёр_2
13494,,7,Тюменская,7,7,7,7,0,28,Призёр_2
14545,,7,Вологодская,7,7,7,7,0,28,Призёр_2
15065,,7,Вологодская,7,7,7,7,0,28,Призёр_2
24064,,7,Курганская,7,7,7,7,0,28,Призёр_2
29045,,7,Курганская,0,7,7,7,7,28,Призёр_2
3044,,7,Тюменская,7,7,7,6,0,27,Призёр_3
5648,,7,Белгородская,7,7,7,6,0,27,Призёр_3
6404,,7,Республика Казахстан,7,7,7,6,0,27,Призёр_3
6582,,7,Иркутская,7,7,7,6,0,27,Призёр_3
8165,,7,Тюменская,7,7,7,6,0,27,Призёр_3
14616,,7,Республика Казахстан,7,7,7,6,0,27,Призёр_3
16939,,7,Челябинская,7,7,7,6,0,27,Призёр_3
24754,,7,Новосибирская,7,7,7,6,0,27,Призёр_3
25223,,7,Республика Казахстан,7,7,7,6,0,27,Призёр_3
26399,,7,Нижегородская,7,7,7,6,0,27,Призёр_3
26420,,7,Московская,7,7,7,6,0,27,Призёр_3
27849,,7,Курганская,7,7,7,6,0,27,Призёр_3
28750,,7,Тюменская,7,7,7,6,0,27,Призёр_3
11649,,7,Воронежская,7,7,7,5,0,26,Призёр_3
12563,,7,Новосибирская,7,5,7,7,0,26,Призёр_3
12622,,7,Новосибирская,7,7,6,6,0,26,Призёр_3
18172,,7,Челябинская,7,7,7,5,0,26,Призёр_3
22248,,7,Хабаровский,7,7,7,5,0,26,Призёр_3
22526,,7,Тюменская,7,5,7,7,0,26,Призёр_3
28705,,7,Республика Казахстан,7,7,7,5,0,26,Призёр_3
29941,,7,Новосибирская,7,7,6,6,0,26,Призёр_3
32712,,7,Новосибирская,7,7,6,6,0,26,Призёр_3
4646,,7,Мордовия,7,7,7,4,0,25,Призёр_3
6634,,7,Тюменская,7,7,7,1,3,25,Призёр_3
280,,7,Алтайский,7,7,7,3,0,24,Участник
2715,,7,Пензенская,7,7,7,3,0,24,Участник
3086,,7,Тюменская,7,7,7,3,0,24,Участник
4204,,7,Краснодарский,7,7,7,3,0,24,Участник
4921,,7,Калининградская,7,7,4,6,0,24,Участник
5330,,7,Московская,7,7,7,3,0,24,Участник
6676,,7,Свердловская,7,7,7,3,0,24,Участник
6792,,7,Республика Казахстан,7,7,7,3,0,24,Участник
7822,,7,Республика Казахстан,7,7,7,3,0,24,Участник
8263,,7,Новосибирская,7,7,7,3,0,24,Участник
8787,,7,Новосибирская,7,7,7,1,2,24,Участник
11055,,7,Ямало-Ненецкий,7,7,7,3,0,24,Участник
22430,,7,Пензенская,7,7,7,3,0,24,Участник
25089,,7,Нижегородская,7,7,3,7,0,24,Участник
25905,,7,Нижегородская,7,7,7,3,0,24,Участник
27186,,7,Курганская,7,7,7,3,0,24,Участник
29684,,7,Новосибирская,7,3,7,7,0,24,Участник
3087,7,Чувашская Республика,7,7,3,6,0,23,Участник
7724,7,Новосибирская,7,7,7,2,0,23,Участник
8187,7,Новосибирская,7,3,7,6,0,23,Участник
29148,7,Алтайский,7,2,7,7,0,23,Участник
2795,7,Челябинская,7,7,7,1,0,22,Участник
4740,7,Свердловская,7,7,7,1,0,22,Участник
4791,7,Татарстан,7,7,7,1,0,22,Участник
15088,7,Иркутская,7,7,3,5,0,22,Участник
23937,7,Татарстан,7,7,7,1,0,22,Участник
26727,7,Татарстан,7,7,7,1,0,22,Участник
29329,7,Тюменская,7,1,7,7,0,22,Участник
679,7,Новосибирская,0,7,7,7,0,21,Участник
6865,7,Республика Казахстан,7,7,7,0,0,21,Участник
7529,7,Вологодская,7,7,7,0,0,21,Участник
8726,7,Тюменская,7,7,7,0,0,21,Участник
20784,7,Омская,7,7,3,4,0,21,Участник
21175,7,Новосибирская,7,0,7,7,0,21,Участник
21360,7,Тюменская,7,7,7,0,0,21,Участник
26900,7,Новосибирская,7,7,0,7,0,21,Участник
440,7,Республика Казахстан,7,7,3,3,0,20,Участник
2249,7,Новосибирская,0,6,7,7,0,20,Участник
28712,7,Курганская,7,7,2,4,0,20,Участник
28751,7,Татарстан,7,7,0,6,0,20,Участник
10725,7,Кемеровская область - Кузбасс,0,7,7,5,0,19,Участник
15566,7,Вологодская,0,7,7,5,0,19,Участник
29393,7,Новосибирская,0,7,7,5,0,19,Участник
11511,7,Бурятия,7,0,7,4,0,18,Участник
29848,7,Красноярский,7,1,7,3,0,18,Участник
1900,7,Свердловская,7,7,3,0,0,17,Участник
5117,7,Мордовия,0,7,7,3,0,17,Участник
8332,7,Краснодарский,7,0,7,3,0,17,Участник
10469,7,Воронежская,7,7,0,3,0,17,Участник
10789,7,Иркутская,0,7,3,7,0,17,Участник
11595,7,Алтайский,0,7,7,0,3,17,Участник
14668,7,Вологодская,0,7,7,3,0,17,Участник
22728,7,Калининградская,0,7,7,3,0,17,Участник
23321,7,Иркутская,0,7,7,3,0,17,Участник
29098,7,Тюменская,0,3,7,7,0,17,Участник
29128,7,Тюменская,0,7,7,3,0,17,Участник
30260,7,Приморский,7,0,7,3,0,17,Участник
31364,7,Курганская,0,7,7,3,0,17,Участник
4608,7,Новосибирская,7,0,7,2,0,16,Участник
21868,7,Алтайский,7,1,7,1,0,16,Участник
23964,7,Иркутская,0,7,7,2,0,16,Участник
5509,7,Республика Казахстан,0,7,3,5,0,15,Участник
7589,7,Пензенская,0,7,7,1,0,15,Участник
12692,7,Тюменская,7,7,1,0,0,15,Участник
19147,7,Иркутская,0,7,7,1,0,15,Участник
25752,7,Республика Казахстан,0,7,7,1,0,15,Участник
28749,7,Татарстан,0,7,7,1,0,15,Участник
32228,7,Новосибирская,7,0,7,1,0,15,Участник
665,7,Бурятия,0,7,1,6,0,14,Участник
2184,7,Воронежская,0,1,7,6,0,14,Участник
3665,7,Камчатский,7,0,7,0,0,14,Участник
6055,7,Челябинская,7,0,7,0,0,14,Участник
6789,7,Республика Казахстан,0,7,7,0,0,14,Участник
7899,7,Саха /Якутия/,7,0,1,6,0,14,Участник
9223,7,Иркутская,7,0,7,0,0,14,Участник
11601,7,Новосибирская,7,7,0,0,0,14,Участник
13014,7,Республика Казахстан,7,0,7,0,0,14,Участник
13842,7,Республика Казахстан,7,7,0,0,0,14,Участник
14353,7,Тюменская,7,0,7,0,0,14,Участник
15790,7,Саратовская,7,0,7,0,0,14,Участник
15922,7,Алтайский,0,7,7,0,0,14,Участник
16477,7,Омская,7,1,1,5,0,14,Участник
21363,7,Новосибирская,7,0,7,0,0,14,Участник
21463,7,Татарстан,7,0,7,0,0,14,Участник
22789,7,Тюменская,0,7,7,0,0,14,Участник
28665,7,Республика Казахстан,0,7,7,0,0,14,Участник
28770,7,Татарстан,0,7,7,0,0,14,Участник
29139,7,Московская,0,7,7,0,0,14,Участник
29174,7,Курганская,7,0,7,0,0,14,Участник
2275,7,Тюменская,0,0,7,6,0,13,Участник
6356,7,Тюменская,0,0,7,6,0,13,Участник
10722,7,Мордовия,0,7,3,3,0,13,Участник
14790,7,Вологодская,0,7,3,3,0,13,Участник
29880,7,Свердловская,0,0,7,6,0,13,Участник
2220,7,Мордовия,7,0,3,2,0,12,Участник
2293,7,Краснодарский,7,0,1,4,0,12,Участник
6020,7,Пензенская,7,0,1,4,0,12,Участник
6253,7,Новосибирская,7,0,2,3,0,12,Участник
6656,7,Иркутская,7,0,3,2,0,12,Участник
6992,7,Республика Казахстан,0,0,7,5,0,12,Участник
7535,7,Пензенская,7,2,3,0,0,12,Участник
13933,7,Республика Казахстан,0,7,3,2,0,12,Участник
22250,7,Новосибирская,7,0,1,4,0,12,Участник
7004,7,Республика Казахстан,0,0,7,4,0,11,Участник
29047,7,Тюменская,7,1,2,1,0,11,Участник
4635,7,Воронежская,0,0,6,4,0,10,Участник
5278,7,Мордовия,7,0,1,2,0,10,Участник
8060,7,Новосибирская,0,0,7,3,0,10,Участник
19475,7,Бурятия,0,0,7,3,0,10,Участник
20711,7,Вологодская,0,0,7,3,0,10,Участник
22552,7,Курганская,0,0,7,3,0,10,Участник
27435,7,Курганская,7,0,3,0,0,10,Участник
28744,7,Татарстан,0,1,7,2,0,10,Участник
28765,7,Татарстан,0,0,7,3,0,10,Участник
661,7,Новосибирская,0,0,7,2,0,9,Участник
2152,7,Новосибирская,0,0,6,3,0,9,Участник
4808,7,Мордовия,0,0,7,2,0,9,Участник
12770,7,Вологодская,0,0,7,2,0,9,Участник
14063,7,Челябинская,0,7,0,2,0,9,Участник
20875,7,Новосибирская,0,0,7,2,0,9,Участник
3464,7,Пензенская,7,0,0,1,0,8,Участник
6073,7,Республика Казахстан,0,0,7,1,0,8,Участник
6236,7,Бурятия,0,0,7,1,0,8,Участник
6351,7,Республика Казахстан,0,7,1,0,0,8,Участник
6867,7,Новосибирская,0,1,7,0,0,8,Участник
18035,7,Вологодская,7,0,1,0,0,8,Участник
21185,7,Новосибирская,0,0,1,7,0,8,Участник
21467,7,Алтайский,7,0,0,1,0,8,Участник
28143,7,Алтайский,0,0,7,1,0,8,Участник
28899,7,Хабаровский,0,0,1,7,0,8,Участник
29290,7,Тюменская,0,1,7,0,0,8,Участник
1066,7,Бурятия,0,7,0,0,0,7,Участник
3494,7,Новосибирская,0,0,6,1,0,7,Участник
4538,7,Мордовия,0,0,7,0,0,7,Участник
5122,7,Мордовия,7,0,0,0,0,7,Участник
6572,7,Москва,7,0,0,0,0,7,Участник
6636,7,Саха /Якутия/,7,0,0,0,0,7,Участник
6809,7,Саха /Якутия/,7,0,0,0,0,7,Участник
8635,7,Республика Казахстан,0,0,7,0,0,7,Участник
8732,7,Тюменская,7,0,0,0,0,7,Участник
11145,7,Иркутская,0,0,7,0,0,7,Участник
11161,7,Камчатский,7,0,0,0,0,7,Участник
21458,7,Ямало-Ненецкий,0,0,3,4,0,7,Участник
22106,7,Ямало-Ненецкий,0,0,7,0,0,7,Участник
22281,7,Новосибирская,0,0,7,0,0,7,Участник
22835,7,Тюменская,0,0,7,0,0,7,Участник
27556,7,Республика Казахстан,0,7,0,0,0,7,Участник
29234,7,Курганская,0,0,7,0,0,7,Участник
30815,7,Новосибирская,0,0,7,0,0,7,Участник
9242,7,Новосибирская,0,0,0,6,0,6,Участник
3515,7,Омская,0,0,1,4,0,5,Участник
18085,7,Вологодская,0,0,0,5,0,5,Участник
20347,7,Свердловская,0,0,0,5,0,5,Участник
29311,7,Красноярский,0,0,1,4,0,5,Участник
3294,7,Московская,0,0,3,1,0,4,Участник
5757,7,Вологодская,0,0,1,3,0,4,Участник
23096,7,Алтайский,0,0,0,4,0,4,Участник
26255,7,Тыва,0,0,1,3,0,4,Участник
26772,7,Иркутская,0,0,1,3,0,4,Участник
28759,7,Татарстан,0,0,3,1,0,4,Участник
28933,7,Хакасия,0,0,1,3,0,4,Участник
3157,7,Пензенская,0,0,0,3,0,3,Участник
4528,7,Мордовия,0,0,3,0,0,3,Участник
6081,7,Пензенская,0,0,0,3,0,3,Участник
11166,7,Саха /Якутия/,0,0,3,0,0,3,Участник
12406,7,Тюменская,0,0,1,2,0,3,Участник
20421,7,Новосибирская,0,0,3,0,0,3,Участник
22720,7,Иркутская,0,0,0,3,0,3,Участник
25826,7,Алтайский,0,0,3,0,0,3,Участник
3022,7,Краснодарский,0,0,0,2,0,2,Участник
4010,7,Пензенская,0,0,1,1,0,2,Участник
5393,7,Республика Казахстан,0,0,1,1,0,2,Участник
6714,7,Саха /Якутия/,0,0,1,1,0,2,Участник
9445,7,Новосибирская,0,1,1,0,0,2,Участник
10732,7,Тюменская,0,0,0,2,0,2,Участник
12358,7,Новосибирская,0,0,1,1,0,2,Участник
14188,7,Омская,0,0,0,2,0,2,Участник
15037,7,Московская,0,0,1,1,0,2,Участник
18048,7,Вологодская,0,0,1,1,0,2,Участник
20554,7,Свердловская,0,0,0,2,0,2,Участник
21188,7,Кемеровская область - Кузбасс,0,0,1,1,0,2,Участник
21920,7,Курганская,0,0,0,2,0,2,Участник
22094,7,Алтайский,0,0,1,1,0,2,Участник
26913,7,Новосибирская,0,0,1,1,0,2,Участник
27132,7,Новосибирская,0,1,0,1,0,2,Участник
27414,7,Иркутская,0,0,1,1,0,2,Участник
29350,7,Тюменская,0,0,2,0,0,2,Участник
31412,7,Иркутская,0,0,1,1,0,2,Участник
2251,7,Новосибирская,0,0,1,0,0,1,Участник
3205,7,Новосибирская,0,0,1,0,0,1,Участник
5385,7,Бурятия,0,0,0,1,0,1,Участник
6835,7,Саха /Якутия/,0,0,0,1,0,1,Участник
8967,7,Саха /Якутия/,0,0,0,1,0,1,Участник
9240,7,Иркутская,0,0,1,0,0,1,Участник
10112,7,Новосибирская,0,0,0,1,0,1,Участник
13224,7,Пензенская,0,0,0,1,0,1,Участник
13356,7,Саха /Якутия/,0,0,1,0,0,1,Участник
16025,7,Республика Казахстан,0,0,0,1,0,1,Участник
21818,7,Новосибирская,0,0,1,0,0,1,Участник
27455,7,Бурятия,0,0,0,1,0,1,Участник
28497,7,Иркутская,0,0,1,0,0,1,Участник
28812,7,Республика Казахстан,0,0,1,0,0,1,Участник
29232,7,Красноярский,0,0,0,1,0,1,Участник
3501,7,Новосибирская,0,0,0,0,0,0,Участник
4725,7,Мордовия,0,0,0,0,0,0,Участник
5716,7,Саха /Якутия/,0,0,0,0,0,0,Участник
6625,7,Хабаровский,0,0,0,0,0,0,Участник
7271,7,Иркутская,0,0,0,0,0,0,Участник
7721,7,Саха /Якутия/,0,0,0,0,0,0,Участник
9360,7,Иркутская,0,0,0,0,0,0,Участник
10664,7,Саха /Якутия/,0,0,0,0,0,0,Участник
13796,7,Саха /Якутия/,0,0,0,0,0,0,Участник
21596,7,Челябинская,0,0,0,0,0,0,Участник
24315,7,Новосибирская,0,0,0,0,0,0,Участник
25252,7,Кемеровская область - Кузбасс,0,0,0,0,0,0,Участник
25633,7,Челябинская,0,0,0,0,0,0,Участник
28520,7,Бурятия,0,0,0,0,0,0,Участник
28601,7,Алтайский,0,0,0,0,0,0,Участник
28658,7,Республика Казахстан,0,0,0,0,0,0,Участник
28666,7,Республика Казахстан,0,0,0,0,0,0,Участник
28881,7,Бурятия,0,0,0,0,0,0,Участник
28998,7,Новосибирская 0,,0,0,0,0,0,Участник
29117,7,Тюменская 0,,0,0,0,0,0,Участник
29251,7,Новосибирская 0,,0,0,0,0,0,Участник
29298,7,Бурятия 0,,0,0,0,0,0,Участник
30385,7,Бурятия 0,,0,0,0,0,0,Участник
3518,8,Новосибирская 7,,7,7,7,7,35,Победитель
3542,8,Калининградская 7,,7,7,7,7,35,Победитель
5549,8,Тюменская 7,,7,7,7,7,35,Победитель
7075,8,Новосибирская 7,,7,7,7,7,35,Победитель
7532,8,Пензенская 7,,7,7,7,7,35,Победитель
7994,8,Новосибирская 7,,7,7,7,7,35,Победитель
9715,8,Тюменская 7,,7,7,7,7,35,Победитель
17823,8,Бурятия 7,,7,7,7,7,35,Победитель
20500,8,Алтайский 7,,7,7,7,7,35,Победитель
23659,8,Чувашская Республика 7,,7,7,7,7,35,Победитель
29702,8,Курганская 7,,7,7,7,7,35,Победитель
10091,8,Иркутская 7,,7,7,7,6,34,Победитель
11546,8,Бурятия 7,,7,7,6,7,34,Победитель
23638,8,Тюменская 7,,5,7,7,7,33,Победитель
11223,8,Томская 7,,7,7,4,7,32,Победитель
12573,8,Тюменская 7,,3,7,7,7,31,Победитель
13221,8,Бурятия 7,,7,7,7,3,31,Победитель
31,8,Кемеровская область - Кузбасс 7,,7,7,2,7,30,Победитель
3870,8,Алтайский 7,,7,7,7,2,30,Победитель
8564,8,Московская 7,,7,7,2,7,30,Победитель
9643,8,Московская 7,,7,7,2,7,30,Победитель
11915,8,Санкт-Петербург 7,,7,7,2,7,30,Победитель
21064,8,Бурятия 7,,7,7,2,7,30,Победитель
23325,8,Курганская 7,,7,4,5,7,30,Победитель
14679,8,Иркутская 7,,7,7,2,6,29,Призёр_2
501,8,Новосибирская 7,,7,7,7,0,28,Призёр_2
814,8,Курганская 7,,7,7,0,7,28,Призёр_2
1980,8,Краснодарский 7,,7,7,0,7,28,Призёр_2
2233,8,Новосибирская 7,,7,7,7,0,28,Призёр_2
2891,8,Краснодарский 7,,7,7,0,7,28,Призёр_2
4297,8,Мордовия 0,,7,7,7,7,28,Призёр_2
7204,8,Тюменская 7,,7,7,0,7,28,Призёр_2
7939,8,Новосибирская 7,,7,7,7,0,28,Призёр_2
8789,8,Новосибирская 7,,7,7,7,0,28,Призёр_2
9422,8,Новосибирская 7,,7,7,0,7,28,Призёр_2
12393,8,Бурятия 7,,7,7,0,7,28,Призёр_2
14800,8,Алтайский 7,,7,0,7,7,28,Призёр_2
16705,8,Алтайский 7,,7,7,7,0,28,Призёр_2
18166,8,Бурятия 7,,7,7,7,0,28,Призёр_2
20250,8,Тюменская 7,,7,7,0,7,28,Призёр_2
20812,8,Новосибирская 7,,7,7,7,0,28,Призёр_2
20846,8,Москва 7,,7,5,2,7,28,Призёр_2
21040,8,Мордовия 7,,7,7,0,7,28,Призёр_2
21325,8,Тюменская 7,,7,7,0,7,28,Призёр_2
22349,8,Нижегородская 7,,7,7,0,7,28,Призёр_2
22819,8,Курганская 7,,7,7,0,7,28,Призёр_2
23331,8,Курганская 7,,7,7,0,7,28,Призёр_2
23563,8,Новосибирская 7,,7,7,0,7,28,Призёр_2
24167,8,Ямало-Ненецкий 7,,7,7,0,7,28,Призёр_2
25624,8,Саха /Якутия/ 7,,7,5,2,7,28,Призёр_2
29309,8,Новосибирская 7,,7,7,5,2,28,Призёр_2
29857,8,Ханты-Мансийский Автономный округ7 - Югра,,7,7,0,7,28,Призёр_2
2554,8,Бурятия 7,,7,7,6,0,27,Призёр_3
5629,8,Тюменская 7,,7,7,0,6,27,Призёр_3
6875,8,Хабаровский 7,,7,7,6,0,27,Призёр_3
612,8,Новосибирская 7,,7,7,5,0,26,Призёр_3
1864,8,Новосибирская 7,,7,7,5,0,26,Призёр_3
12584,8,Новосибирская 7,,7,7,5,0,26,Призёр_3
13920,8,Иркутская 7,,7,7,5,0,26,Призёр_3
19679,8,Новосибирская 7,,7,7,5,0,26,Призёр_3
3760,8,Мордовия 7,,7,7,4,0,25,Призёр_3
9455,8,Новосибирская 7,,7,7,2,2,25,Призёр_3
16361,8,Московская 7,,7,0,4,7,25,Призёр_3
18795,8,Новосибирская 7,,7,7,0,4,25,Призёр_3
1656,8,Тюменская 7,,3,7,0,7,24,Призёр_3
5098,8,Омская 7,,7,7,1,2,24,Призёр_3
6064,8,Кемеровская область - Кузбасс 7,,7,6,2,2,24,Призёр_3
20668,8,Иркутская 7,,7,7,0,3,24,Призёр_3
23316,8,Новосибирская 7,,7,0,7,3,24,Призёр_3
439,8,Хакасия 7,,7,7,0,2,23,Участник
2581,8,Краснодарский 7,,7,7,2,0,23,Участник
3207,8,Воронежская 7,,7,7,0,2,23,Участник
3523,8,Мордовия 7,,7,7,0,2,23,Участник
3607,8,Краснодарский 7,,3,7,0,6,23,Участник
3651,8,Сахалинская 7,,7,7,2,0,23,Участник
3878,8,Мордовия 0,,7,7,2,7,23,Участник
4883,8,Новосибирская 7,,7,7,2,0,23,Участник
6667,8,Пензенская 7,,7,7,2,0,23,Участник
6815,8,Пензенская 7,,7,7,2,0,23,Участник
9285,8,Алтайский 7,,7,7,2,0,23,Участник
9986,8,Тюменская 7,,7,0,2,7,23,Участник
11081,8,Воронежская 7,,7,7,2,0,23,Участник
11591,8,Челябинская 7,,7,0,2,7,23,Участник
11644,8,Тюменская 7,,7,7,2,0,23,Участник
17187,8,Москва 7,,7,7,0,2,23,Участник
18581,8,Республика Казахстан 7,,7,7,2,0,23,Участник
25600,8,Челябинская 7,,7,0,2,7,23,Участник
28921,8,Тюменская 7,,7,0,2,7,23,Участник
31972,8,Красноярский 7,,7,7,2,0,23,Участник
32673,8,Хабаровский 7,,7,0,2,7,23,Участник
2258,8,Московская 0,,7,6,2,7,22,Участник
3799,8,Алтайский 7,,7,6,2,0,22,Участник
19632,8,Мордовия 7,,6,0,2,7,22,Участник
21100,8,Бурятия 0,,7,6,2,7,22,Участник
139,8,Новосибирская 0,,7,7,7,0,21,Участник
1568,8,Тюменская 7,,7,7,0,0,21,Участник
2781,8,Новосибирская 7,,7,7,0,0,21,Участник
3061,8,Краснодарский 7,,7,7,0,0,21,Участник
4087,8,Новосибирская 7,,2,7,5,0,21,Участник
4420,8,Алтайский 7,,7,7,0,0,21,Участник
4998,8,Новосибирская 7,,7,7,0,0,21,Участник
5004,8,Ханты-Мансийский Автономный округ7 - Югра,,7,7,0,0,21,Участник
6039,8,Новосибирская 7,,7,0,0,7,21,Участник
6318,8,Тюменская 7,,7,7,0,0,21,Участник
6461,8,Москва 7,,7,0,0,7,21,Участник
6552,8,Московская 7,,7,7,0,0,21,Участник
6986,8,Новосибирская 7,,7,7,0,0,21,Участник
7295,8,Курганская 7,,7,0,0,7,21,Участник
7526,8,Пензенская 7,,7,7,0,0,21,Участник
7713,8,Новосибирская 7,,7,7,0,0,21,Участник
8272,8,Новосибирская 7,,7,7,0,0,21,Участник
8953,8,Иркутская 7,,7,0,0,7,21,Участник
9546,8,Саха /Якутия/ 7,,7,7,0,0,21,Участник
9742,8,Новосибирская 7,,7,7,0,0,21,Участник
10452,8,Томская 7,,7,7,0,0,21,Участник
12226,8,Новосибирская 7,,7,7,0,0,21,Участник
14523,8,Алтайский 7,,7,7,0,0,21,Участник
14753,8,Новосибирская 7,,7,0,0,7,21,Участник
17616,8,Новосибирская 7,,7,7,0,0,21,Участник
17958,8,Челябинская 7,,7,7,0,0,21,Участник
18432,8,Иркутская 7,,7,7,0,0,21,Участник
20019,8,Челябинская 7,,7,7,0,0,21,Участник
22301,8,Новосибирская 7,,7,7,0,0,21,Участник
23141,8,Ямало-Ненецкий 7,,7,7,0,0,21,Участник
23353,8,Саратовская 7,,7,7,0,0,21,Участник
24000,8,Свердловская 7,,7,7,0,0,21,Участник
29340,8,Алтайский 7,,7,0,0,7,21,Участник
32899,8,Курганская 7,,7,7,0,0,21,Участник
4203,8,Мордовия 7,,7,6,0,0,20,Участник
9030,8,Новосибирская 7,,6,7,0,0,20,Участник
28851,8,Байконур 7,,6,0,0,7,20,Участник
5312,8,Вологодская,7,3,7,2,0,19,Участник
13290,8,Алтайский,7,2,7,1,2,19,Участник
14851,8,Алтайский,7,5,7,0,0,19,Участник
9398,8,Кемеровская область - Кузбасс,7,7,0,2,2,18,Участник
14691,8,Алтайский,0,7,7,2,2,18,Участник
16975,8,Иркутская,7,7,2,2,0,18,Участник
22262,8,Алтайский,7,2,7,2,0,18,Участник
2120,8,Приморский,7,7,1,2,0,17,Участник
2561,8,Московская,3,7,7,0,0,17,Участник
2816,8,Краснодарский,7,7,1,2,0,17,Участник
5745,8,Сахалинская,7,7,1,2,0,17,Участник
7534,8,Пензенская,7,7,3,0,0,17,Участник
17275,8,Московская,7,7,1,2,0,17,Участник
21200,8,Новосибирская,7,7,1,2,0,17,Участник
1984,8,Новосибирская,7,7,0,0,2,16,Участник
2893,8,Краснодарский,0,7,7,2,0,16,Участник
3130,8,Краснодарский,7,7,0,2,0,16,Участник
3709,8,Новосибирская,7,7,1,1,0,16,Участник
3996,8,Новосибирская,0,7,7,2,0,16,Участник
4959,8,Новосибирская,0,7,0,2,7,16,Участник
8245,8,Тюменская,0,7,7,0,2,16,Участник
11209,8,Алтайский,7,7,0,0,2,16,Участник
13319,8,Кемеровская область - Кузбасс,7,7,0,2,0,16,Участник
14752,8,Кемеровская область - Кузбасс,7,7,0,2,0,16,Участник
21704,8,Воронежская,7,7,0,2,0,16,Участник
30704,8,Еврейская,0,7,7,2,0,16,Участник
32812,8,Свердловская,7,7,0,0,2,16,Участник
568,8,Новосибирская,7,3,0,5,0,15,Участник
2972,8,Новосибирская,7,1,7,0,0,15,Участник
3348,8,Пензенская,7,7,1,0,0,15,Участник
10076,8,Новосибирская,7,7,1,0,0,15,Участник
11576,8,Бурятия,7,7,1,0,0,15,Участник
13408,8,Новосибирская,7,7,1,0,0,15,Участник
14680,8,Бурятия,7,7,1,0,0,15,Участник
21948,8,Челябинская,7,7,1,0,0,15,Участник
23245,8,Курганская,7,7,1,0,0,15,Участник
28345,8,Новосибирская,7,7,1,0,0,15,Участник
3484,8,Новосибирская,0,7,0,0,7,14,Участник
4116,8,Пензенская,0,7,7,0,0,14,Участник
4141,8,Мордовия,7,7,0,0,0,14,Участник
5359,8,Томская,0,7,7,0,0,14,Участник
6078,8,Иркутская,0,7,1,0,6,14,Участник
6829,8,Краснодарский,0,7,7,0,0,14,Участник
7108,8,Новосибирская,7,7,0,0,0,14,Участник
7507,8,Краснодарский,0,7,7,0,0,14,Участник
7729,8,Иркутская,0,7,7,0,0,14,Участник
8289,8,Новосибирская,7,7,0,0,0,14,Участник
12689,8,Курганская,0,7,0,0,7,14,Участник
13686,8,Бурятия,7,7,0,0,0,14,Участник
14239,8,Вологодская,0,7,7,0,0,14,Участник
14530,8,Челябинская,7,7,0,0,0,14,Участник
15326,8,Новосибирская,7,7,0,0,0,14,Участник
15552,8,Новосибирская,7,7,0,0,0,14,Участник
18036,8,Челябинская,0,7,7,0,0,14,Участник
18161,8,Алтайский,7,0,7,0,0,14,Участник
18171,8,Алтайский,0,7,7,0,0,14,Участник
18593,8,Новосибирская,0,7,7,0,0,14,Участник
19571,8,Саха /Якутия/,7,7,0,0,0,14,Участник
19974,8,Новосибирская,7,7,0,0,0,14,Участник
20763,8,Ямало-Ненецкий,7,7,0,0,0,14,Участник
22010,8,Курганская,0,7,7,0,0,14,Участник
22202,8,Саха /Якутия/,7,7,0,0,0,14,Участник
22612,8,Курганская,0,7,7,0,0,14,Участник
22853,8,Новосибирская,7,7,0,0,0,14,Участник
23511,8,Красноярский,0,7,7,0,0,14,Участник
25144,8,Иркутская,7,7,0,0,0,14,Участник
25668,8,Саха /Якутия/,7,5,0,0,2,14,Участник
26196,8,Тыва,7,7,0,0,0,14,Участник
26489,8,Челябинская,0,7,7,0,0,14,Участник
26864,8,Вологодская,0,7,7,0,0,14,Участник
29342,8,Алтайский,7,7,0,0,0,14,Участник
29358,8,Челябинская,0,7,7,0,0,14,Участник
33286,8,Краснодарский,7,7,0,0,0,14,Участник
9558,8,Алтайский,7,5,1,0,0,13,Участник
5225,8,Пензенская,7,4,1,0,0,12,Участник
14102,8,Кемеровская область - Кузбасс,0,7,5,0,0,12,Участник
26600,8,Алтайский,7,2,1,2,0,12,Участник
28960,8,Бурятия,0,5,0,0,7,12,Участник
4696,8,Новосибирская,7,2,0,2,0,11,Участник
6859,8,Сахалинская,7,2,0,2,0,11,Участник
7349,8,Московская,0,7,0,2,2,11,Участник
22662,8,Ямало-Ненецкий,0,7,2,2,0,11,Участник
29061,8,Курганская,0,7,2,2,0,11,Участник
2843,8,Краснодарский,0,7,1,2,0,10,Участник
11603,8,Новосибирская,7,1,0,2,0,10,Участник
14513,8,Саха /Якутия/,7,3,0,0,0,10,Участник
23867,8,Саха /Якутия/,7,2,1,0,0,10,Участник
31652,8,Кемеровская область - Кузбасс,7,0,1,2,0,10,Участник
3018,8,Красноярский,7,0,0,2,0,9,Участник
8041,8,Омская,0,7,0,2,0,9,Участник
9453,8,Алтайский,7,1,1,0,0,9,Участник
10905,8,Алтайский,0,7,0,2,0,9,Участник
13889,8,Новосибирская,0,7,0,2,0,9,Участник
14667,8,Забайкальский,7,1,1,0,0,9,Участник
18764,8,Кемеровская область - Кузбасс,7,1,1,0,0,9,Участник
22150,8,Курганская,0,7,0,0,2,9,Участник
25560,8,Челябинская,0,7,2,0,0,9,Участник
26782,8,Красноярский,7,0,1,1,0,9,Участник
1626,8,Московская,0,7,1,0,0,8,Участник
1787,8,Новосибирская,0,7,1,0,0,8,Участник
2355,8,Краснодарский,7,1,0,0,0,8,Участник
4393,8,Забайкальский,7,0,1,0,0,8,Участник
8000,8,Сахалинская,7,0,1,0,0,8,Участник
8377,8,Новосибирская,7,0,1,0,0,8,Участник
9082,8,Саха /Якутия/,0,7,1,0,0,8,Участник
10173,8,Новосибирская,7,1,0,0,0,8,Участник
14351,8,Московская,0,7,1,0,0,8,Участник
14653,8,Забайкальский,0,7,1,0,0,8,Участник
15174,8,Новосибирская,0,7,1,0,0,8,Участник
15846,8,Вологодская,7,0,1,0,0,8,Участник
25471,8,Забайкальский,0,7,1,0,0,8,Участник
28779,8,Татарстан,0,7,1,0,0,8,Участник
28825,8,Иркутская,0,7,1,0,0,8,Участник
29384,8,Красноярский,7,0,1,0,0,8,Участник
29907,8,Амурская,7,0,1,0,0,8,Участник
29967,8,Новосибирская,0,7,1,0,0,8,Участник
31381,8,Свердловская,0,7,1,0,0,8,Участник
31576,8,Новосибирская,0,7,1,0,0,8,Участник
1885,8,Кемеровская область - Кузбасс,0,7,0,0,0,7,Участник
3885,8,Новосибирская,0,7,0,0,0,7,Участник
4043,8,Новосибирская,0,7,0,0,0,7,Участник
5223,8,Новосибирская,7,0,0,0,0,7,Участник
5545,8,Республика Казахстан,0,7,0,0,0,7,Участник
5944,8,Новосибирская,7,0,0,0,0,7,Участник
8046,8,Новосибирская,7,0,0,0,0,7,Участник
18390,8,Саха /Якутия/,0,7,0,0,0,7,Участник
18508,8,Челябинская,0,7,0,0,0,7,Участник
19536,8,Саха /Якутия/,0,7,0,0,0,7,Участник
20951,8,Новосибирская,0,7,0,0,0,7,Участник
22156,8,Курганская,0,7,0,0,0,7,Участник
23213,8,Томская,7,0,0,0,0,7,Участник
28227,8,Челябинская,0,0,7,0,0,7,Участник
32031,8,Свердловская,0,7,0,0,0,7,Участник
3795,8,Новосибирская,0,2,2,2,0,6,Участник
4212,8,Пензенская,0,3,1,2,0,6,Участник
9416,8,Забайкальский,0,5,1,0,0,6,Участник
10343,8,Саха /Якутия/ 0,,2,1,0,2,5,Участник
14109,8,Челябинская 0,,2,2,0,0,4,Участник
20308,8,Челябинская 0,,3,1,0,0,4,Участник
149,8,Иркутская 0,,2,1,0,0,3,Участник
489,8,Краснодарский 0,,3,0,0,0,3,Участник
3680,8,Вологодская 0,,3,0,0,0,3,Участник
12490,8,Новосибирская 0,,2,1,0,0,3,Участник
14395,8,Алтайский 0,,0,1,2,0,3,Участник
17138,8,Алтайский 0,,3,0,0,0,3,Участник
22185,8,Саха /Якутия/ 0,,3,0,0,0,3,Участник
2259,8,Новосибирская 0,,2,0,0,0,2,Участник
7139,8,Новосибирская 0,,2,0,0,0,2,Участник
7708,8,Сахалинская 0,,2,0,0,0,2,Участник
14868,8,Кемеровская область - Кузбасс 0,,0,0,2,0,2,Участник
31505,8,Ханты-Мансийский Автономный округ0 - Югра,,2,0,0,0,2,Участник
8083,8,Краснодарский 0,,1,0,0,0,1,Участник
9674,8,Вологодская 0,,1,0,0,0,1,Участник
10881,8,Кемеровская область - Кузбасс 0,,1,0,0,0,1,Участник
14832,8,Московская 0,,1,0,0,0,1,Участник
19543,8,Саха /Якутия/ 0,,1,0,0,0,1,Участник
23684,8,Алтайский 0,,1,0,0,0,1,Участник
23794,8,Татарстан 0,,0,1,0,0,1,Участник
25751,8,Новосибирская 0,,1,0,0,0,1,Участник
28200,8,Свердловская 0,,0,1,0,0,1,Участник
29409,8,Челябинская 0,,0,1,0,0,1,Участник
7141,8,Новосибирская 0,,0,0,0,0,0,Участник
8303,8,Кемеровская область - Кузбасс 0,,0,0,0,0,0,Участник
8342,8,Новосибирская 0,,0,0,0,0,0,Участник
10699,8,Новосибирская 0,,0,0,0,0,0,Участник
14477,8,Томская 0,,0,0,0,0,0,Участник
19221,8,Кемеровская область - Кузбасс 0,,0,0,0,0,0,Участник
19540,8,Саха /Якутия/ 0,,0,0,0,0,0,Участник
21414,8,Забайкальский 0,,0,0,0,0,0,Участник
21425,8,Саха /Якутия/ 0,,0,0,0,0,0,Участник
28679,8,Алтайский 0,,0,0,0,0,0,Участник
28714,8,Республика Саха Якутия 0,,0,0,0,0,0,Участник
29204,8,Красноярский 0,,0,0,0,0,0,Участник
32252,8,Кемеровская область - Кузбасс 0,,0,0,0,0,0,Участник
4751,9,Татарстан 7,,7,7,7,7,35,Победитель
12106,9,Тюменская 7,,7,7,7,7,35,Победитель
15031,9,Татарстан 7,,7,7,7,7,35,Победитель
16702,9,Тюменская 7,,7,7,7,7,35,Победитель
23396,9,Курганская 7,,7,7,7,7,35,Победитель
28854,9,Курганская 7,,7,7,7,7,35,Победитель
917,9,Алтайский 7,,7,6,7,7,34,Победитель
1718,9,Новосибирская 5,,7,7,7,7,33,Победитель
12535,9,Курганская 7,,7,7,7,3,31,Победитель
15112,9,Тюменская 7,,7,2,7,7,30,Победитель
22687,9,Республика Казахстан 7,,7,2,7,7,30,Победитель
3522,9,Новосибирская 7,,7,5,7,3,29,Победитель
3525,9,Челябинская 7,,7,0,7,7,28,Призёр_2
7318,9,Мордовия 7,,7,7,0,7,28,Призёр_2
15447,9,Татарстан 4,,7,7,7,3,28,Призёр_2
16388,9,Татарстан 7,,0,7,7,7,28,Призёр_2
18119,9,Татарстан 7,,7,7,7,0,28,Призёр_2
21889,9,Челябинская 7,,7,7,7,0,28,Призёр_2
22813,9,Курганская 7,,7,7,7,0,28,Призёр_2
22904,9,Вологодская 7,,7,7,7,0,28,Призёр_2
16646,9,Нижегородская 7,,0,6,7,7,27,Призёр_2
2185,9,Свердловская 7,,7,4,0,7,25,Призёр_2
1371,9,Мордовия 7,,7,7,0,3,24,Призёр_2
3546,9,Красноярский 5,,7,7,2,3,24,Призёр_2
9031,9,Новосибирская 5,,7,7,2,3,24,Призёр_2
12591,9,Челябинская 7,,7,7,0,3,24,Призёр_2
14859,9,Кемеровская область - Кузбасс 7,,7,7,0,3,24,Призёр_2
21034,9,Вологодская 7,,7,0,7,3,24,Призёр_2
23312,9,Алтайский 7,,0,7,7,3,24,Призёр_2
9604,9,Тюменская 7,,7,2,7,0,23,Призёр_3
18603,9,Омская,7,7,2,0,7,23,Призёр_3
23370,9,Курганская,7,7,2,7,0,23,Призёр_3
1869,9,Мордовия,5,7,2,7,0,21,Призёр_3
3897,9,Иркутская,7,7,7,0,0,21,Призёр_3
9590,9,Тюменская,7,0,7,7,0,21,Призёр_3
9893,9,Тюменская,7,7,7,0,0,21,Призёр_3
15898,9,Липецкая,7,7,0,4,3,21,Призёр_3
17130,9,Бурятия,7,7,2,5,0,21,Призёр_3
22524,9,Красноярский,7,7,0,7,0,21,Призёр_3
28856,9,Курганская,7,7,0,7,0,21,Призёр_3
30866,9,Республика Казахстан,7,7,0,7,0,21,Призёр_3
8597,9,Курганская,7,0,6,7,0,20,Призёр_3
25381,9,Москва,7,7,2,2,2,20,Призёр_3
13793,9,Бурятия,7,7,2,0,3,19,Призёр_3
20944,9,Новосибирская,7,0,7,2,3,19,Призёр_3
24860,9,Новосибирская,7,0,7,0,5,19,Призёр_3
10607,9,Новосибирская,7,0,0,7,3,17,Призёр_3
12247,9,Вологодская,7,7,2,0,1,17,Призёр_3
14055,9,Калининградская,7,0,7,0,3,17,Призёр_3
18234,9,Камчатский,7,7,0,0,3,17,Призёр_3
21523,9,Челябинская,0,7,7,0,3,17,Призёр_3
6145,9,Вологодская,6,0,0,7,3,16,Участник
7996,9,Тюменская,7,7,0,2,0,16,Участник
9043,9,Забайкальский,7,0,7,0,2,16,Участник
9143,9,Кемеровская область - Кузбасс,7,7,2,0,0,16,Участник
11984,9,Новосибирская,7,0,7,2,0,16,Участник
3930,9,Мордовия,6,0,2,7,0,15,Участник
9900,9,Мордовия,2,7,2,2,2,15,Участник
12138,9,Новосибирская,4,7,2,2,0,15,Участник
13668,9,Новосибирская,7,0,5,2,1,15,Участник
18073,9,Вологодская,0,7,7,0,1,15,Участник
3952,9,Мордовия,7,7,0,0,0,14,Участник
6612,9,Саха /Якутия/,7,0,7,0,0,14,Участник
6777,9,Саха /Якутия/,4,0,7,0,3,14,Участник
10946,9,Новосибирская,7,7,0,0,0,14,Участник
11442,9,Забайкальский,7,0,7,0,0,14,Участник
12391,9,Курганская,7,7,0,0,0,14,Участник
18582,9,Алтайский,7,7,0,0,0,14,Участник
18801,9,Алтайский,7,0,7,0,0,14,Участник
23495,9,Омская,7,0,0,7,0,14,Участник
33313,9,Башкортостан,5,0,0,2,7,14,Участник
2439,9,Кемеровская область - Кузбасс,4,7,0,2,0,13,Участник
11798,9,Саратовская,7,0,2,0,4,13,Участник
12188,9,Вологодская,7,0,0,6,0,13,Участник
18686,9,Чувашская Республика,7,0,2,2,2,13,Участник
2537,9,Новосибирская,7,0,2,0,3,12,Участник
4195,9,Мордовия,7,0,2,0,3,12,Участник
9017,9,Новосибирская,7,0,0,2,3,12,Участник
9210,9,Свердловская,7,0,0,2,3,12,Участник
14114,9,Вологодская,7,0,2,0,3,12,Участник
14346,9,Бурятия,7,0,2,0,3,12,Участник
14781,9,Московская,5,0,7,0,0,12,Участник
15945,9,Новосибирская,7,0,2,0,3,12,Участник
31427,9,Новосибирская,7,0,2,2,1,12,Участник
33257,9,Москва,5,0,0,7,0,12,Участник
4798,9,Новосибирская,7,0,2,0,2,11,Участник
4899,9,Новосибирская,7,0,0,2,2,11,Участник
6666,9,Камчатский,7,0,2,2,0,11,Участник
8717,9,Саха /Якутия/,4,0,7,0,0,11,Участник
13424,9,Кемеровская область - Кузбасс,7,0,2,2,0,11,Участник
21514,9,Алтайский,7,0,0,4,0,11,Участник
26432,9,Татарстан,4,7,0,0,0,11,Участник
26471,9,Новосибирская,7,0,2,2,0,11,Участник
29179,9,Алтайский,7,0,0,2,2,11,Участник
30121,9,Республика Казахстан,7,0,2,2,0,11,Участник
114,9,Новосибирская,7,0,0,0,3,10,Участник
22331,9,Москва,7,0,0,2,1,10,Участник
1279,9,Новосибирская,7,0,0,2,0,9,Участник
1940,9,Вологодская,7,0,0,2,0,9,Участник
2518,9,Башкортостан,0,7,0,2,0,9,Участник
2652,9,Новосибирская,7,0,0,2,0,9,Участник
3208,9,Чувашская Республика,7,0,0,2,0,9,Участник
3232,9,Челябинская,7,0,0,2,0,9,Участник
4106,9,Мордовия,0,0,2,7,0,9,Участник
6628,9,Новосибирская,7,0,0,2,0,9,Участник
6953,9,Алтайский,7,0,2,0,0,9,Участник
7958,9,Саха /Якутия/,7,0,0,2,0,9,Участник
8088,9,Вологодская,7,0,0,2,0,9,Участник
8321,9,Новосибирская,0,7,2,0,0,9,Участник
8322,9,Новосибирская,7,0,0,2,0,9,Участник
9497,9,Тюменская,7,0,2,0,0,9,Участник
10177,9,Саха /Якутия/,5,0,2,0,2,9,Участник
10477,9,Новосибирская,0,7,2,0,0,9,Участник
10651,9,Кемеровская область - Кузбасс,7,0,0,2,0,9,Участник
10943,9,Новосибирская,7,0,2,0,0,9,Участник
12006,9,Алтайский,7,0,2,0,0,9,Участник
12360,9,Вологодская,7,0,2,0,0,9,Участник
14123,9,Чувашская Республика,7,0,2,0,0,9,Участник
18447,9,Чувашская Республика,7,0,0,2,0,9,Участник
19991,9,Московская,7,0,0,2,0,9,Участник
20255,9,Московская,7,0,0,2,0,9,Участник
24580,9,Новосибирская,0,0,7,2,0,9,Участник
24926,9,Алтайский,7,0,2,0,0,9,Участник
26525,9,Новосибирская,7,0,2,0,0,9,Участник
28573,9,Курганская,5,0,2,2,0,9,Участник
32782,9,Новосибирская,7,0,2,0,0,9,Участник
3608,9,Новосибирская,7,0,0,0,1,8,Участник
4257,9,Краснодарский,7,0,0,0,1,8,Участник
5773,9,Саха /Якутия/,4,0,2,2,0,8,Участник
6960,9,Пензенская,2,0,6,0,0,8,Участник
22440,9,Новосибирская,4,0,0,2,2,8,Участник
25046,9,Кемеровская область - Кузбасс,7,0,0,0,1,8,Участник
73,9,Новосибирская,7,0,0,0,0,7,Участник
464,9,Новосибирская,7,0,0,0,0,7,Участник
1072,9,Хабаровский,0,0,7,0,0,7,Участник
1932,9,Вологодская,7,0,0,0,0,7,Участник
3755,9,Новосибирская,0,7,0,0,0,7,Участник
3818,9,Мордовия,7,0,0,0,0,7,Участник
4465,9,Новосибирская,7,0,0,0,0,7,Участник
4747,9,Липецкая,7,0,0,0,0,7,Участник
5099,9,Мордовия,7,0,0,0,0,7,Участник
7530,9,Пензенская,7,0,0,0,0,7,Участник
7719,9,Тюменская,7,0,0,0,0,7,Участник
7785,9,Иркутская,7,0,0,0,0,7,Участник
7924,9,Новосибирская,7,0,0,0,0,7,Участник
8019,9,Новосибирская,7,0,0,0,0,7,Участник
8149,9,Новосибирская,7,0,0,0,0,7,Участник
9631,9,Челябинская,4,0,3,0,0,7,Участник
11421,9,Тюменская,7,0,0,0,0,7,Участник
11688,9,Кемеровская область - Кузбасс,7,0,0,0,0,7,Участник
12728,9,Московская,7,0,0,0,0,7,Участник
12753,9,Тюменская,0,2,2,2,1,7,Участник
13411,9,Новосибирская,7,0,0,0,0,7,Участник
13877,9,Иркутская,7,0,0,0,0,7,Участник
16155,9,Забайкальский,7,0,0,0,0,7,Участник
16164,9,Иркутская,7,0,0,0,0,7,Участник
16968,9,Новосибирская,0,7,0,0,0,7,Участник
17291,9,Татарстан,5,0,0,0,2,7,Участник
17357,9,Новосибирская,7,0,0,0,0,7,Участник
22462,9,Башкортостан,5,0,2,0,0,7,Участник
22577,9,Челябинская,7,0,0,0,0,7,Участник
26233,9,Забайкальский,0,0,0,7,0,7,Участник
28846,9,Курганская,0,0,7,0,0,7,Участник
28895,9,Курганская,7,0,0,0,0,7,Участник
29058,9,Тюменская,7,0,0,0,0,7,Участник
30011,9,Сахалинская,7,0,0,0,0,7,Участник
1024,9,Краснодарский 6,,0,0,0,0,6,Участник
2201,9,Новосибирская 0,,0,5,0,1,6,Участник
2839,9,Вологодская 4,,0,2,0,0,6,Участник
19116,9,Новосибирская 4,,0,2,0,0,6,Участник
24624,9,Нижегородская 5,,0,0,0,1,6,Участник
29426,9,Хабаровский 2,,0,2,2,0,6,Участник
3031,9,Чувашская Республика 5,,0,0,0,0,5,Участник
3713,9,Новосибирская 0,,0,2,0,3,5,Участник
8050,9,Кемеровская область - Кузбасс 5,,0,0,0,0,5,Участник
8548,9,Московская 5,,0,0,0,0,5,Участник
9034,9,Забайкальский 5,,0,0,0,0,5,Участник
9616,9,Тюменская 5,,0,0,0,0,5,Участник
13113,9,Ивановская 5,,0,0,0,0,5,Участник
14782,9,Московская 5,,0,0,0,0,5,Участник
15744,9,Алтайский 5,,0,0,0,0,5,Участник
22241,9,Ямало-Ненецкий 5,,0,0,0,0,5,Участник
2758,9,Пензенская 4,,0,0,0,0,4,Участник
6280,9,Новосибирская 0,,0,2,2,0,4,Участник
6841,9,Новосибирская 2,,0,0,2,0,4,Участник
8460,9,Свердловская 2,,0,2,0,0,4,Участник
12874,9,Новосибирская 2,,0,0,2,0,4,Участник
17781,9,Ханты-Мансийский Автономный округ4 - Югра,,0,0,0,0,4,Участник
24829,9,Хабаровский 0,,0,2,2,0,4,Участник
1533,9,Пензенская 0,,0,0,0,3,3,Участник
3597,9,Новосибирская 0,,0,0,0,3,3,Участник
4387,9,Камчатский 0,,0,0,0,3,3,Участник
7722,9,Новосибирская 0,,0,2,0,1,3,Участник
15163,9,Бурятия 0,,0,0,0,3,3,Участник
28223,9,Тюменская 3,,0,0,0,0,3,Участник
1008,9,Вологодская 0,,0,2,0,0,2,Участник
1377,9,Томская 0,,0,0,0,2,2,Участник
4403,9,Новосибирская 2,,0,0,0,0,2,Участник
4947,9,Пензенская 2,,0,0,0,0,2,Участник
5182,9,Липецкая 0,,0,0,0,2,2,Участник
5897,9,Новосибирская 2,,0,0,0,0,2,Участник
7247,9,Кемеровская область - Кузбасс 0,,0,0,2,0,2,Участник
8032,9,Новосибирская 0,,0,0,0,2,2,Участник
16876,9,Свердловская 0,,0,0,2,0,2,Участник
30869,9,Республика Казахстан 0,,0,0,2,0,2,Участник
31345,9,Новосибирская 0,,0,0,2,0,2,Участник
117,9,Новосибирская 0,,0,0,0,0,0,Участник
1594,9,Новосибирская 0,,0,0,0,0,0,Участник
2486,9,Забайкальский 0,,0,0,0,0,0,Участник
2969,9,Кемеровская область - Кузбасс 0,,0,0,0,0,0,Участник
3302,9,Краснодарский 0,,0,0,0,0,0,Участник
4621,9,Курганская 0,,0,0,0,0,0,Участник
5791,9,Забайкальский 0,,0,0,0,0,0,Участник
7376,9,Пензенская 0,,0,0,0,0,0,Участник
7730,9,Забайкальский 0,,0,0,0,0,0,Участник
11258,9,Пензенская 0,,0,0,0,0,0,Участник
11397,9,Новосибирская 0,,0,0,0,0,0,Участник
11877,9,Московская 0,,0,0,0,0,0,Участник
14325,9,Забайкальский 0,,0,0,0,0,0,Участник
16753,9,Новосибирская 0,,0,0,0,0,0,Участник
18271,9,Забайкальский 0,,0,0,0,0,0,Участник
20018,9,Челябинская 0,,0,0,0,0,0,Участник
20490,9,Кемеровская область - Кузбасс 0,,0,0,0,0,0,Участник
20540,9,Чувашская Республика 0,,0,0,0,0,0,Участник
20662,9,Кемеровская область - Кузбасс 0,,0,0,0,0,0,Участник
21566,9,Забайкальский 0,,0,0,0,0,0,Участник
22796,9,Хакасия 0,,0,0,0,0,0,Участник
22798,9,Новосибирская 0,,0,0,0,0,0,Участник
24701,9,Вологодская 0,,0,0,0,0,0,Участник
24818,9,Пензенская 0,,0,0,0,0,0,Участник
25362,9,Нижегородская 0,,0,0,0,0,0,Участник
25731,9,Челябинская 0,,0,0,0,0,0,Участник
26200,9,Тыва 0,,0,0,0,0,0,Участник
26333,9,Тюменская 0,,0,0,0,0,0,Участник
26911,9,Новосибирская 0,,0,0,0,0,0,Участник
27101,9,Кемеровская область - Кузбасс 0,,0,0,0,0,0,Участник
27378,9,Владимирская 0,,0,0,0,0,0,Участник
28709,9,Курганская 0,,0,0,0,0,0,Участник
28810,9,Курганская 0,,0,0,0,0,0,Участник
30227,9,Кемеровская область - Кузбасс 0,,0,0,0,0,0,Участник
30867,9,Республика Казахстан 0,,0,0,0,0,0,Участник
30884,9,Алтайский 0,,0,0,0,0,0,Участник
30998,9,Новосибирская 0,,0,0,0,0,0,Участник
31865,9,Кемеровская область - Кузбасс 0,,0,0,0,0,0,Участник
32494,9,Кемеровская область - Кузбасс 0,,0,0,0,0,0,Участник
8214,10,Краснодарский 7,,7,7,7,7,35,Победитель
8462,10,Тюменская 7,,7,7,7,7,35,Победитель
12202,10,Ханты-Мансийский Автономный округ7 - Югра,,7,7,7,7,35,Победитель
12796,10,Москва 7,,7,7,7,7,35,Победитель
18618,10,Курганская 7,,7,7,7,7,35,Победитель
25386,10,Нижегородская 7,,7,7,7,7,35,Победитель
25959,10,Владимирская 7,,7,7,7,7,35,Победитель
27155,10,Курганская 7,,7,7,7,7,35,Победитель
28240,10,Нижегородская 7,,7,7,7,7,35,Победитель
23324,10,Курганская 7,,7,7,6,7,34,Победитель
4865,10,Курганская 7,,7,7,7,5,33,Победитель
7763,10,Новосибирская 7,,6,7,5,7,32,Победитель
13325,10,Кемеровская область - Кузбасс 7,,7,7,4,7,32,Победитель
16160,10,Тюменская 7,,7,7,4,7,32,Победитель
23411,10,Москва 7,,7,7,4,7,32,Победитель
2155,10,Московская 7,,6,7,7,4,31,Победитель
31137,10,Новосибирская 7,,6,7,7,4,31,Победитель
2268,10,Москва 7,,7,7,2,7,30,Победитель
3615,10,Московская 7,,7,7,2,7,30,Победитель
16821,10,Ханты-Мансийский Автономный округ7 - Югра,,2,7,7,7,30,Победитель
18768,10,Челябинская 7,,2,7,7,7,30,Победитель
1511,10,Чувашская Республика 7,,7,7,1,7,29,Призёр_2
4679,10,Новосибирская 7,,7,7,7,1,29,Призёр_2
8594,10,Чувашская Республика 7,,7,7,1,7,29,Призёр_2
11167,10,Бурятия 7,,7,7,1,7,29,Призёр_2
28618,10,Красноярский 7,,7,7,1,7,29,Призёр_2
33396,10,Москва 7,,7,7,7,1,29,Призёр_2
2315,10,Нижегородская 7,,2,7,5,7,28,Призёр_2
4283,10,Московская 7,,7,7,0,7,28,Призёр_2
4609,10,Новосибирская 7,,7,7,7,0,28,Призёр_2
5007,10,Новосибирская 7,,7,7,7,0,28,Призёр_2
16399,10,Тюменская 7,,7,7,0,7,28,Призёр_2
22408,10,Москва 7,,6,7,1,7,28,Призёр_2
26652,10,Москва 7,,7,7,0,7,28,Призёр_2
33269,10,Тюменская 7,,7,7,0,7,28,Призёр_2
11436,10,Москва 7,,7,7,0,6,27,Призёр_2
15716,10,Москва 7,,6,7,0,7,27,Призёр_2
2350,10,Москва 0,,7,7,5,7,26,Призёр_2
7742,10,Пензенская 7,,7,7,0,5,26,Призёр_2
11475,10,Новосибирская 7,,7,5,0,7,26,Призёр_2
16181,10,Новосибирская 7,,5,7,0,7,26,Призёр_2
17126,10,Новосибирская 7,,5,7,0,7,26,Призёр_2
17345,10,Ханты-Мансийский Автономный округ7 - Югра,,7,7,1,4,26,Призёр_2
3346,10,Чувашская Республика 7,,2,7,3,6,25,Призёр_3
3835,10,Мордовия 7,,7,7,0,4,25,Призёр_3
7514,10,Пензенская 7,,7,7,4,0,25,Призёр_3
8801,10,Новосибирская 7,,7,7,0,4,25,Призёр_3
12866,10,Тюменская 7,,2,7,2,7,25,Призёр_3
13029,10,Алтайский 7,,4,7,7,0,25,Призёр_3
14067,10,Москва 7,,2,7,2,7,25,Призёр_3
16542,10,Чувашская Республика 7,,5,7,1,5,25,Призёр_3
27069,10,Москва 7,,7,7,0,4,25,Призёр_3
4085,10,Мордовия 7,,2,7,1,7,24,Призёр_3
431,10,Новосибирская 7,,2,7,7,0,23,Призёр_3
1523,10,Московская 7,,2,7,0,7,23,Призёр_3
1828,10,Москва 7,,7,3,0,6,23,Призёр_3
2698,10,Москва 0,,7,7,2,7,23,Призёр_3
9618,10,Красноярский,7,2,7,7,0,23,Призёр_3
16092,10,Курганская,7,2,7,7,0,23,Призёр_3
17444,10,Иркутская,7,2,7,2,5,23,Призёр_3
21495,10,Республика Казахстан,1,7,7,1,7,23,Призёр_3
6729,10,Саха /Якутия/,7,7,7,1,0,22,Участник
12886,10,Новосибирская,7,7,7,1,0,22,Участник
15070,10,Ростовская,7,2,7,1,5,22,Участник
420,10,Московская,0,7,7,7,0,21,Участник
531,10,Новосибирская,7,7,6,1,0,21,Участник
2558,10,Москва,7,5,7,2,0,21,Участник
3773,10,Мордовия,7,2,7,1,4,21,Участник
3775,10,Мордовия,7,7,7,0,0,21,Участник
5479,10,Новосибирская,7,7,7,0,0,21,Участник
6765,10,Московская,7,7,7,0,0,21,Участник
8380,10,Пензенская,7,7,7,0,0,21,Участник
11102,10,Москва,6,2,6,0,7,21,Участник
12652,10,Алтайский,7,7,7,0,0,21,Участник
14982,10,Саратовская,7,7,7,0,0,21,Участник
19880,10,Санкт-Петербург,7,7,7,0,0,21,Участник
22358,10,Курганская,7,7,7,0,0,21,Участник
24714,10,Нижегородская,7,7,7,0,0,21,Участник
26723,10,Томская,7,2,7,1,4,21,Участник
2718,10,Краснодарский,7,2,6,1,4,20,Участник
3817,10,Мордовия,1,4,7,1,7,20,Участник
4155,10,Пензенская,7,6,7,0,0,20,Участник
4397,10,Хабаровский,1,7,7,1,4,20,Участник
6556,10,Московская,7,2,7,0,4,20,Участник
11479,10,Новосибирская,7,2,7,4,0,20,Участник
11876,10,Москва,3,2,7,1,7,20,Участник
18952,10,Камчатский,7,0,7,6,0,20,Участник
220,10,Самарская,7,0,7,1,4,19,Участник
955,10,Новосибирская,7,2,5,5,0,19,Участник
3026,10,Московская,7,2,7,3,0,19,Участник
17939,10,Курганская,7,2,7,1,2,19,Участник
5614,10,Саха /Якутия/,7,4,7,0,0,18,Участник
7335,10,Пензенская,7,2,7,2,0,18,Участник
8769,10,Московская,7,0,7,4,0,18,Участник
9930,10,Тюменская,7,2,7,2,0,18,Участник
11323,10,Новосибирская,6,2,7,1,2,18,Участник
12531,10,Новосибирская,7,2,7,2,0,18,Участник
15999,10,Алтайский,0,7,7,0,4,18,Участник
17174,10,Новосибирская,7,2,7,2,0,18,Участник
20957,10,Алтайский,7,2,7,2,0,18,Участник
21639,10,Московская,7,2,7,2,0,18,Участник
180,10,Челябинская,7,2,7,1,0,17,Участник
854,10,Саратовская,7,3,7,0,0,17,Участник
5300,10,Московская,7,2,7,1,0,17,Участник
7263,10,Алтайский,1,2,7,0,7,17,Участник
12046,10,Новосибирская,7,2,7,1,0,17,Участник
17415,10,Саратовская,7,3,7,0,0,17,Участник
28729,10,Татарстан,7,2,7,1,0,17,Участник
2415,10,Саха /Якутия/,7,2,7,0,0,16,Участник
2646,10,Хабаровский,7,2,7,0,0,16,Участник
3450,10,Пензенская,7,2,7,0,0,16,Участник
3465,10,Московская,7,2,7,0,0,16,Участник
3669,10,Новосибирская,7,2,7,0,0,16,Участник
5546,10,Саха /Якутия/,7,2,7,0,0,16,Участник
8343,10,Новосибирская,7,2,7,0,0,16,Участник
8666,10,Липецкая,7,0,7,2,0,16,Участник
9583,10,Московская,7,2,0,7,0,16,Участник
11696,10,Нижегородская,7,2,7,0,0,16,Участник
12016,10,Саха /Якутия/,7,2,7,0,0,16,Участник
12653,10,Новосибирская,7,2,7,0,0,16,Участник
13631,10,Саха /Якутия/,7,2,7,0,0,16,Участник
14867,10,Тюменская,7,2,7,0,0,16,Участник
15110,10,Иркутская,7,2,7,0,0,16,Участник
16615,10,Московская,7,2,7,0,0,16,Участник
17352,10,Москва,7,2,7,0,0,16,Участник
21770,10,Ханты-Мансийский Автономный округ7 - Югра,0,7,2,0,16,Участник
23665,10,Татарстан 7,2,7,0,0,16,Участник
27546,10,Москва 7,0,7,2,0,16,Участник
29042,10,Челябинская 7,2,7,0,0,16,Участник
3350,10,Москва 7,0,7,1,0,15,Участник
7224,10,Вологодская 7,0,7,1,0,15,Участник
8268,10,Санкт-Петербург 7,0,7,1,0,15,Участник
10357,10,Чувашская Республика 7,0,7,0,1,15,Участник
11111,10,Тюменская 7,1,7,0,0,15,Участник
14675,10,Московская 7,0,7,1,0,15,Участник
16101,10,Ростовская 7,0,7,1,0,15,Участник
20084,10,Новосибирская 7,0,0,1,7,15,Участник
28572,10,Приморский 1,7,7,0,0,15,Участник
2288,10,Бурятия 7,0,7,0,0,14,Участник
3679,10,Новосибирская 7,7,0,0,0,14,Участник
7085,10,Московская 7,0,7,0,0,14,Участник
7160,10,Липецкая 7,0,5,2,0,14,Участник
8601,10,Санкт-Петербург 7,0,7,0,0,14,Участник
9837,10,Московская 7,0,7,0,0,14,Участник
10061,10,Забайкальский 7,0,7,0,0,14,Участник
13076,10,Новосибирская 7,2,5,0,0,14,Участник
15934,10,Новосибирская 7,0,7,0,0,14,Участник
18256,10,Новосибирская 7,6,0,1,0,14,Участник
27246,10,Москва 7,0,7,0,0,14,Участник
28717,10,Татарстан 7,0,7,0,0,14,Участник
2253,10,Москва 7,2,0,3,1,13,Участник
2336,10,Москва 7,2,0,0,4,13,Участник
4230,10,Мордовия 0,6,7,0,0,13,Участник
14879,10,Московская 7,0,0,6,0,13,Участник
15941,10,Саха /Якутия/ 7,2,4,0,0,13,Участник
16060,10,Ханты-Мансийский Автономный округ7 - Югра,2,4,0,0,13,Участник
17223,10,Нижегородская 1,7,4,1,0,13,Участник
19490,10,Иркутская 7,2,0,4,0,13,Участник
21809,10,Забайкальский 7,2,0,4,0,13,Участник
25393,10,Санкт-Петербург 7,2,0,0,4,13,Участник
28519,10,Курганская 1,2,6,4,0,13,Участник
1592,10,Алтайский 1,0,7,0,4,12,Участник
12821,10,Брянская 0,7,0,1,4,12,Участник
13845,10,Московская 7,2,0,3,0,12,Участник
28716,10,Приморский 7,0,5,0,0,12,Участник
33387,10,Москва 7,0,5,0,0,12,Участник
3129,10,Владимирская 0,2,7,2,0,11,Участник
8479,10,Москва 7,2,1,1,0,11,Участник
9779,10,Нижегородская 1,2,7,1,0,11,Участник
9998,10,Мордовия 7,2,0,2,0,11,Участник
19314,10,Курганская 7,0,4,0,0,11,Участник
23397,10,Татарстан 7,2,0,2,0,11,Участник
29323,10,Курганская 7,0,4,0,0,11,Участник
7840,10,Новосибирская 7,2,0,1,0,10,Участник
8092,10,Саха /Якутия/ 7,2,0,1,0,10,Участник
9896,10,Челябинская 7,2,0,1,0,10,Участник
11519,10,Новосибирская 7,2,0,1,0,10,Участник
12445,10,Новосибирская 7,2,0,1,0,10,Участник
12502,10,Калининградская 7,2,0,1,0,10,Участник
12835,10,Вологодская 7,2,0,1,0,10,Участник
16260,10,Забайкальский 7,2,0,1,0,10,Участник
17260,10,Хабаровский 1,2,7,0,0,10,Участник
22325,10,Тюменская 7,2,0,1,0,10,Участник
22741,10,Камчатский 0,2,7,1,0,10,Участник
22826,10,Нижегородская 1,2,7,0,0,10,Участник
22937,10,Москва 7,0,0,2,1,10,Участник
2444,10,Москва 0,7,0,2,0,9,Участник
4618,10,Новосибирская 7,2,0,0,0,9,Участник
5077,10,Свердловская 0,2,0,0,7,9,Участник
5533,10,Саха /Якутия/ 7,0,0,2,0,9,Участник
7022,10,Новосибирская 7,2,0,0,0,9,Участник
10374,10,Новосибирская 7,2,0,0,0,9,Участник
11225,10,Татарстан 7,2,0,0,0,9,Участник
12070,10,Новосибирская 7,,0,0,0,2,9,Участник
12723,10,Мордовия 7,,2,0,0,0,9,Участник
13312,10,Новосибирская 7,,2,0,0,0,9,Участник
13434,10,Москва 7,,2,0,0,0,9,Участник
14194,10,Москва 7,,2,0,0,0,9,Участник
14756,10,Саратовская 1,,1,7,0,0,9,Участник
15285,10,Иркутская 7,,2,0,0,0,9,Участник
15932,10,Саха /Якутия/ 7,,2,0,0,0,9,Участник
16365,10,Иркутская 7,,2,0,0,0,9,Участник
17813,10,Новосибирская 7,,2,0,0,0,9,Участник
21149,10,Новосибирская 7,,2,0,0,0,9,Участник
25126,10,Новосибирская 7,,2,0,0,0,9,Участник
25583,10,Саха /Якутия/ 7,,2,0,0,0,9,Участник
31400,10,Новосибирская 1,,5,0,3,0,9,Участник
314,10,Москва 7,,0,0,1,0,8,Участник
1545,10,Иркутская 7,,0,0,1,0,8,Участник
2229,10,Новосибирская 7,,0,0,1,0,8,Участник
2525,10,Новосибирская 7,,0,0,1,0,8,Участник
8573,10,Санкт-Петербург 1,,0,7,0,0,8,Участник
9048,10,Санкт-Петербург 1,,0,7,0,0,8,Участник
10198,10,Санкт-Петербург 7,,0,0,1,0,8,Участник
14318,10,Вологодская 0,,0,7,1,0,8,Участник
25579,10,Омская 1,,0,7,0,0,8,Участник
25944,10,Вологодская 7,,0,0,1,0,8,Участник
259,10,Новосибирская 7,,0,0,0,0,7,Участник
1424,10,Камчатский 7,,0,0,0,0,7,Участник
1737,10,Пензенская 0,,0,7,0,0,7,Участник
2721,10,Новосибирская 7,,0,0,0,0,7,Участник
4736,10,Ханты-Мансийский Автономный округ0 - Югра,,0,7,0,0,7,Участник
4745,10,Саха /Якутия/ 7,,0,0,0,0,7,Участник
7296,10,Пензенская 7,,0,0,0,0,7,Участник
8269,10,Санкт-Петербург 7,,0,0,0,0,7,Участник
8270,10,Санкт-Петербург 7,,0,0,0,0,7,Участник
9602,10,Забайкальский 7,,0,0,0,0,7,Участник
9649,10,Мордовия 7,,0,0,0,0,7,Участник
9802,10,Санкт-Петербург 7,,0,0,0,0,7,Участник
10231,10,Саха /Якутия/ 7,,0,0,0,0,7,Участник
10324,10,Липецкая 0,,0,7,0,0,7,Участник
11580,10,Чувашская Республика 0,,0,7,0,0,7,Участник
12442,10,Саха /Якутия/ 7,,0,0,0,0,7,Участник
13353,10,Томская 1,,0,5,1,0,7,Участник
14334,10,Новосибирская 7,,0,0,0,0,7,Участник
16692,10,Новосибирская 7,,0,0,0,0,7,Участник
18047,10,Ханты-Мансийский Автономный округ0 - Югра,,0,7,0,0,7,Участник
18537,10,Новосибирская 7,,0,0,0,0,7,Участник
22330,10,Новосибирская 7,,0,0,0,0,7,Участник
24477,10,Иркутская 7,,0,0,0,0,7,Участник
29085,10,Москва 7,,0,0,0,0,7,Участник
1233,10,Тюменская 1,,2,0,3,0,6,Участник
14363,10,Сахалинская 1,,2,0,1,0,4,Участник
21636,10,Челябинская 0,,2,0,1,0,3,Участник
22421,10,Воронежская 1,,2,0,0,0,3,Участник
28082,10,Алтайский 1,,2,0,0,0,3,Участник
1322,10,Алтайский 0,,2,0,0,0,2,Участник
8733,10,Санкт-Петербург 1,,0,0,1,0,2,Участник
9687,10,Новосибирская 0,,2,0,0,0,2,Участник
13937,10,Забайкальский 0,,2,0,0,0,2,Участник
16776,10,Алтайский 0,,0,0,2,0,2,Участник
17461,10,Новосибирская 1,,0,0,1,0,2,Участник
22964,10,Бурятия 0,,2,0,0,0,2,Участник
26803,10,Кемеровская область - Кузбасс 1,,1,0,0,0,2,Участник
31879,10,Красноярский 0,,2,0,0,0,2,Участник
3695,10,Московская 0,,0,0,1,0,1,Участник
5632,10,Вологодская 1,,0,0,0,0,1,Участник
6154,10,Санкт-Петербург 0,,0,0,1,0,1,Участник
7848,10,Новосибирская 1,,0,0,0,0,1,Участник
9297,10,Владимирская 1,,0,0,0,0,1,Участник
9863,10,Санкт-Петербург 1,,0,0,0,0,1,Участник
13774,10,Новосибирская 1,,0,0,0,0,1,Участник
14177,10,Липецкая 1,,0,0,0,0,1,Участник
17947,10,Московская 1,,0,0,0,0,1,Участник
30609,10,Республика Казахстан 1,,0,0,0,0,1,Участник
2161,10,Новосибирская 0,,0,0,0,0,0,Участник
2207,10,Ханты-Мансийский Автономный округ0 - Югра,,0,0,0,0,0,Участник
2236,10,Московская 0,,0,0,0,0,0,Участник
2523,10,Новосибирская 0,,0,0,0,0,0,Участник
3876,10,Пензенская 0,,0,0,0,0,0,Участник
5953,10,Новосибирская 0,,0,0,0,0,0,Участник
8641,10,Санкт-Петербург 0,,0,0,0,0,0,Участник
8645,10,Санкт-Петербург 0,,0,0,0,0,0,Участник
13443,10,Новосибирская 0,,0,0,0,0,0,Участник
15059,10,Владимирская 0,,0,0,0,0,0,Участник
17323,10,Забайкальский 0,,0,0,0,0,0,Участник
17675,10,Новосибирская 0,,0,0,0,0,0,Участник
22230,10,Тульская 0,,0,0,0,0,0,Участник
25741,10,Новосибирская 0,,0,0,0,0,0,Участник
28433,10,Ханты-Мансийский Автономный округ0 - Югра,,0,0,0,0,0,Участник
29360,10,Курганская 0,,0,0,0,0,0,Участник
31872,10,Красноярский 0,,0,0,0,0,0,Участник
379,11,Новосибирская 7,,7,7,7,7,35,Победитель
447,11,Самарская 7,,7,7,7,7,35,Победитель
921,11,Вологодская 7,,7,7,7,7,35,Победитель
939,11,Москва 7,,7,7,7,7,35,Победитель
2115,11,Новосибирская 7,,7,7,7,7,35,Победитель
2214,11,Москва 7,,7,7,7,7,35,Победитель
2386,11,Московская 7,,7,7,7,7,35,Победитель
2471,11,Москва 7,,7,7,7,7,35,Победитель
2640,11,Мордовия 7,,7,7,7,7,35,Победитель
2879,11,Москва 7,,7,7,7,7,35,Победитель
2963,11,Чувашская Республика 7,,7,7,7,7,35,Победитель
4108,11,Москва 7,,7,7,7,7,35,Победитель
4339,11,Мордовия 7,,7,7,7,7,35,Победитель
4511,11,Свердловская 7,,7,7,7,7,35,Победитель
4665,11,Бурятия 7,,7,7,7,7,35,Победитель
4707,11,Москва 7,,7,7,7,7,35,Победитель
5032,11,Тульская 7,,7,7,7,7,35,Победитель
5242,11,Москва 7,,7,7,7,7,35,Победитель
5336,11,Воронежская 7,,7,7,7,7,35,Победитель
6017,11,Саратовская 7,,7,7,7,7,35,Победитель
7150,11,Иркутская 7,,7,7,7,7,35,Победитель
7567,11,Курская 7,,7,7,7,7,35,Победитель
7854,11,Новосибирская 7,,7,7,7,7,35,Победитель
7946,11,Новосибирская 7,,7,7,7,7,35,Победитель
8210,11,Новосибирская 7,,7,7,7,7,35,Победитель
9347,11,Бурятия 7,,7,7,7,7,35,Победитель
10438,11,Москва 7,,7,7,7,7,35,Победитель
11338,11,Новосибирская 7,,7,7,7,7,35,Победитель
12552,11,Омская 7,,7,7,7,7,35,Победитель
13682,11,Саха /Якутия/ 7,,7,7,7,7,35,Победитель
13789,11,Москва 7,,7,7,7,7,35,Победитель
14417,11,Томская 7,,7,7,7,7,35,Победитель
14912,11,Москва 7,,7,7,7,7,35,Победитель
15692,11,Тамбовская 7,,7,7,7,7,35,Победитель
16256,11,Иркутская 7,,7,7,7,7,35,Победитель
18310,11,Москва 7,,7,7,7,7,35,Победитель
23010,11,Москва 7,,7,7,7,7,35,Победитель
23027,11,Курганская 7,,7,7,7,7,35,Победитель
24035,11,Курганская 7,,7,7,7,7,35,Победитель
24178,11,Курганская 7,,7,7,7,7,35,Победитель
31361,11,Свердловская 7,,7,7,7,7,35,Победитель
33262,11,Московская 7,,7,7,7,7,35,Победитель
33282,11,Новосибирская 7,,7,7,7,7,35,Победитель
1079,11,Пензенская 7,,7,6,7,7,34,Призёр_2
4829,11,Челябинская 7,,7,7,7,6,34,Призёр_2
6530,11,Пензенская 7,,7,7,7,6,34,Призёр_2
7036,11,Санкт-Петербург 6,,7,7,7,7,34,Призёр_2
8246,11,Новосибирская,7,7,6,7,7,34,Призёр_2
8424,11,Мордовия,6,7,7,7,7,34,Призёр_2
8447,11,Московская,7,7,6,7,7,34,Призёр_2
8450,11,Мордовия,7,7,7,7,6,34,Призёр_2
10284,11,Мордовия,7,7,7,7,6,34,Призёр_2
11044,11,Вологодская,7,7,7,7,6,34,Призёр_2
11645,11,Тюменская,7,7,6,7,7,34,Призёр_2
12553,11,Омская,7,7,7,7,6,34,Призёр_2
12749,11,Новосибирская,7,7,6,7,7,34,Призёр_2
14300,11,Удмуртская,7,7,6,7,7,34,Призёр_2
15252,11,Курганская,7,7,6,7,7,34,Призёр_2
20009,11,Тамбовская,7,7,6,7,7,34,Призёр_2
21337,11,Тюменская,7,7,7,7,6,34,Призёр_2
23984,11,Татарстан,7,7,7,7,6,34,Призёр_2
26189,11,Новосибирская,7,7,6,7,7,34,Призёр_2
30768,11,Свердловская,7,7,7,7,6,34,Призёр_2
4965,11,Пермский,7,7,6,7,6,33,Призёр_2
8705,11,Москва,7,7,6,7,6,33,Призёр_2
9589,11,Московская,7,7,6,7,6,33,Призёр_2
12002,11,Новосибирская,7,7,7,5,7,33,Призёр_2
13532,11,Ярославская,7,7,5,7,7,33,Призёр_2
17268,11,Брянская,7,7,6,7,6,33,Призёр_2
20869,11,Новосибирская,7,7,5,7,7,33,Призёр_2
20961,11,Московская,7,7,5,7,7,33,Призёр_2
21743,11,Бурятия,7,7,6,7,6,33,Призёр_2
24381,11,Свердловская,7,7,5,7,7,33,Призёр_2
29011,11,Курганская,7,7,6,7,6,33,Призёр_2
31537,11,Новосибирская,7,7,5,7,7,33,Призёр_2
2111,11,Мордовия,7,7,4,7,7,32,Призёр_2
5266,11,Калининградская,7,5,7,7,6,32,Призёр_2
6812,11,Свердловская,7,7,5,7,6,32,Призёр_2
9308,11,Московская,7,7,4,7,7,32,Призёр_2
14988,11,Свердловская,7,7,5,7,6,32,Призёр_2
16193,11,Новосибирская,7,7,5,7,6,32,Призёр_2
33311,11,Курганская,5,7,7,7,6,32,Призёр_2
2468,11,Свердловская,7,7,3,7,7,31,Призёр_2
4324,11,Мордовия,7,7,7,7,3,31,Призёр_2
11558,11,Липецкая,7,7,4,7,6,31,Призёр_2
11670,11,Республика Казахстан,7,7,7,7,3,31,Призёр_2
30114,11,Москва,7,5,6,7,6,31,Призёр_2
266,11,Санкт-Петербург,7,7,2,7,7,30,Призёр_3
1814,11,Москва,7,7,6,7,3,30,Призёр_3
2785,11,Московская,4,7,5,7,7,30,Призёр_3
4130,11,Московская,7,7,2,7,7,30,Призёр_3
5261,11,Москва,7,7,7,7,2,30,Призёр_3
5562,11,Москва,7,7,6,7,3,30,Призёр_3
7420,11,Пензенская,7,7,6,7,3,30,Призёр_3
8799,11,Новосибирская,7,7,4,7,5,30,Призёр_3
11375,11,Новосибирская,4,7,6,7,6,30,Призёр_3
12780,11,Тюменская,7,7,2,7,7,30,Призёр_3
21150,11,Москва,7,7,2,7,7,30,Призёр_3
1040,11,Мордовия,7,7,1,7,7,29,Призёр_3
4201,11,Московская,7,7,2,7,6,29,Призёр_3
4580,11,Мордовия,7,7,1,7,7,29,Призёр_3
5631,11,Новосибирская,7,7,7,7,1,29,Призёр_3
7412,11,Московская,7,7,7,7,1,29,Призёр_3
11495,11,Московская,7,7,1,7,7,29,Призёр_3
11983,11,Забайкальский,7,7,5,7,3,29,Призёр_3
13207,11,Саха /Якутия/,7,7,1,7,7,29,Призёр_3
16957,11,Саха /Якутия/,7,7,1,7,7,29,Призёр_3
748,11,Москва,7,7,0,7,7,28,Призёр_3
1964,11,Москва,2,7,6,7,6,28,Призёр_3
2006,11,Мордовия,7,7,0,7,7,28,Призёр_3
2186,11,Московская,7,7,7,7,0,28,Призёр_3
2773,11,Краснодарский,7,7,7,0,7,28,Призёр_3
2988,11,Москва,7,7,7,7,0,28,Призёр_3
3436,11,Мордовия,7,7,7,7,0,28,Призёр_3
3526,11,Чувашская Республика,7,7,0,7,7,28,Призёр_3
4716,11,Вологодская 0,,7,7,7,7,28,Призёр_3
5346,11,Московская 7,,7,0,7,7,28,Призёр_3
6560,11,Москва 7,,7,7,0,7,28,Призёр_3
6853,11,Москва 7,,7,7,0,7,28,Призёр_3
8022,11,Саха /Якутия/ 7,,7,7,0,7,28,Призёр_3
8216,11,Пензенская 7,,7,7,0,7,28,Призёр_3
8466,11,Хакасия 7,,7,7,0,7,28,Призёр_3
8716,11,Свердловская 7,,7,0,7,7,28,Призёр_3
12747,11,Новосибирская 0,,7,7,7,7,28,Призёр_3
12822,11,Москва 7,,7,1,7,6,28,Призёр_3
13273,11,Кемеровская область - Кузбасс 7,,7,0,7,7,28,Призёр_3
13358,11,Свердловская 7,,7,7,7,0,28,Призёр_3
14197,11,Вологодская 7,,7,0,7,7,28,Призёр_3
14210,11,Вологодская 7,,7,7,0,7,28,Призёр_3
14927,11,Свердловская 7,,7,7,0,7,28,Призёр_3
15565,11,Нижегородская 7,,7,0,7,7,28,Призёр_3
15883,11,Вологодская 7,,7,7,0,7,28,Призёр_3
16036,11,Забайкальский 7,,7,0,7,7,28,Призёр_3
21491,11,Красноярский 7,,7,0,7,7,28,Призёр_3
21569,11,Новосибирская 7,,7,7,7,0,28,Призёр_3
21612,11,Свердловская 7,,7,7,7,0,28,Призёр_3
21823,11,Хабаровский 7,,7,7,0,7,28,Призёр_3
22297,11,Челябинская 7,,7,7,7,0,28,Призёр_3
22672,11,Вологодская 7,,7,7,0,7,28,Призёр_3
28211,11,Курганская 7,,7,7,7,0,28,Призёр_3
28633,11,Тюменская 7,,7,0,7,7,28,Призёр_3
29338,11,Челябинская 7,,7,1,7,6,28,Призёр_3
81,11,Алтайский 7,,7,6,7,0,27,Участник
2106,11,Московская 7,,7,0,7,6,27,Участник
2154,11,Новосибирская 7,,7,4,7,2,27,Участник
2387,11,Свердловская 7,,7,6,7,0,27,Участник
2574,11,Москва 6,,7,7,0,7,27,Участник
8222,11,Новосибирская 7,,7,0,7,6,27,Участник
9764,11,Санкт-Петербург 7,,7,6,7,0,27,Участник
9774,11,Ханты-Мансийский Автономный округ6 - Югра,,7,0,7,7,27,Участник
9924,11,Воронежская 7,,7,6,7,0,27,Участник
10323,11,Мордовия 7,,7,7,0,6,27,Участник
12257,11,Москва 6,,7,0,7,7,27,Участник
13164,11,Новосибирская 7,,7,6,0,7,27,Участник
13174,11,Новосибирская 6,,7,7,7,0,27,Участник
13590,11,Рязанская 7,,7,6,0,7,27,Участник
14550,11,Томская 7,,7,7,6,0,27,Участник
15510,11,Московская 6,,7,7,7,0,27,Участник
17233,11,Ямало-Ненецкий 7,,7,7,0,6,27,Участник
23164,11,Москва 6,,7,7,0,7,27,Участник
33390,11,Новосибирская 7,,7,6,0,7,27,Участник
1742,11,Курганская 7,,7,5,7,0,26,Участник
1936,11,Краснодарский 7,,7,5,0,7,26,Участник
4880,11,Ханты-Мансийский Автономный округ5 - Югра,,7,7,7,0,26,Участник
7468,11,Московская 7,,7,5,7,0,26,Участник
12420,11,Иркутская 7,,7,6,0,6,26,Участник
13268,11,Москва 6,,7,1,7,5,26,Участник
14495,11,Хабаровский 7,,7,5,7,0,26,Участник
17226,11,Забайкальский 7,,7,5,7,0,26,Участник
18013,11,Тюменская 7,,7,0,7,5,26,Участник
20092,11,Тамбовская 6,,7,6,7,0,26,Участник
21971,11,Санкт-Петербург 5,,7,7,7,0,26,Участник
23606,11,Москва 7,,7,7,0,5,26,Участник
29277,11,Санкт-Петербург 6,,7,6,7,0,26,Участник
2599,11,Москва 7,,7,4,0,7,25,Участник
3932,11,Пензенская 0,,7,5,7,6,25,Участник
4481,11,Калужская 7,,7,4,0,7,25,Участник
4878,11,Московская 7,,7,4,7,0,25,Участник
5049,11,Москва 7,,7,6,5,0,25,Участник
8503,11,Москва 4,,7,7,7,0,25,Участник
11744,11,Челябинская 7,,7,1,7,3,25,Участник
14508,11,Иркутская 7,,7,1,7,3,25,Участник
18942,11,Новосибирская 7,,7,4,7,0,25,Участник
21317,11,Москва 7,,7,4,6,1,25,Участник
26119,11,Санкт-Петербург 7,,7,4,0,7,25,Участник
894,11,Новосибирская 7,,7,3,7,0,24,Участник
4713,11,Новосибирская 7,,7,0,7,3,24,Участник
7955,11,Новосибирская 7,,7,0,7,3,24,Участник
9813,11,Московская 7,,7,0,7,3,24,Участник
10052,11,Забайкальский 7,,7,0,7,3,24,Участник
13158,11,Воронежская 7,,7,3,0,7,24,Участник
14864,11,Ханты-Мансийский Автономный округ7 - Югра,,7,7,0,3,24,Участник
17224,11,Татарстан 7,,7,0,7,3,24,Участник
17410,11,Алтайский 7,,7,0,7,3,24,Участник
29523,11,Курганская 7,,7,3,7,0,24,Участник
2170,11,Москва 7,,7,3,0,6,23,Участник
3051,11,Красноярский 0,,7,7,7,2,23,Участник
7506,11,Москва 7,,7,1,7,1,23,Участник
7685,11,Москва 7,,7,3,0,6,23,Участник
13324,11,Новосибирская 7,,5,3,7,1,23,Участник
15064,11,Калининградская 7,,7,6,0,3,23,Участник
27035,11,Москва 7,,7,0,7,2,23,Участник
1217,11,Ивановская 7,,7,1,0,7,22,Участник
1271,11,Москва 7,,7,0,7,1,22,Участник
3719,11,Московская 7,,7,0,7,1,22,Участник
5910,11,Московская 6,,7,5,0,4,22,Участник
5922,11,Иркутская 7,,7,1,0,7,22,Участник
7636,11,Москва 7,,7,0,7,1,22,Участник
8434,11,Московская 7,,7,0,7,1,22,Участник
17304,11,Москва 7,,7,1,7,0,22,Участник
24265,11,Москва 7,,7,0,7,1,22,Участник
29092,11,Санкт-Петербург 6,,7,2,7,0,22,Участник
154,11,Томская 7,,7,7,0,0,21,Участник
567,11,Татарстан 7,,7,0,7,0,21,Участник
2003,11,Липецкая 7,,7,0,7,0,21,Участник
3230,11,Тверская 7,,7,7,0,0,21,Участник
4630,11,Москва 7,,7,0,7,0,21,Участник
4753,11,Московская 7,,7,7,0,0,21,Участник
5550,11,Москва 7,,7,0,7,0,21,Участник
5607,11,Саха /Якутия/ 7,,7,7,0,0,21,Участник
5666,11,Саха /Якутия/ 6,,7,1,7,0,21,Участник
5778,11,Новосибирская 7,,7,7,0,0,21,Участник
5939,11,Тверская 7,,7,0,7,0,21,Участник
5998,11,Республика Казахстан 7,,7,0,0,7,21,Участник
6287,11,Тульская 7,,7,7,0,0,21,Участник
7140,11,Калининградская 7,,7,7,0,0,21,Участник
7661,11,Московская 7,,7,0,0,7,21,Участник
8585,11,Ростовская 7,,7,0,7,0,21,Участник
9203,11,Санкт-Петербург 7,,7,0,0,7,21,Участник
10279,11,Мордовия 7,,7,7,0,0,21,Участник
14151,11,Московская 0,,7,7,0,7,21,Участник
15082,11,Красноярский 7,,7,7,0,0,21,Участник
15338,11,Новосибирская 7,,7,0,7,0,21,Участник
16789,11,Татарстан 7,,7,0,0,7,21,Участник
21181,11,Бурятия 7,,7,7,0,0,21,Участник
21906,11,Татарстан 7,,0,7,7,0,21,Участник
21918,11,Новосибирская 7,,7,0,7,0,21,Участник
22525,11,Свердловская 7,,7,7,0,0,21,Участник
29249,11,Ямало-Ненецкий 7,,7,4,0,3,21,Участник
2052,11,Санкт-Петербург 6,,7,7,0,0,20,Участник
2190,11,Московская 7,,7,0,0,6,20,Участник
2197,11,Москва 7,,6,0,0,7,20,Участник
2226,11,Москва 6,,7,0,0,7,20,Участник
2239,11,Москва 7,,7,6,0,0,20,Участник
3357,11,Чувашская Республика 7,,7,6,0,0,20,Участник
3957,11,Челябинская 7,,7,6,0,0,20,Участник
7299,11,Пензенская 7,,7,6,0,0,20,Участник
11587,11,Саха /Якутия/ 7,,5,3,0,5,20,Участник
15784,11,Вологодская 0,,7,6,0,7,20,Участник
16079,11,Новосибирская 6,,7,0,7,0,20,Участник
17114,11,Бурятия 7,,7,0,0,6,20,Участник
31028,11,Саха /Якутия/,6,7,0,7,0,20,Участник
6540,11,Тульская,7,7,5,0,0,19,Участник
7656,11,Москва,7,7,2,0,3,19,Участник
11719,11,Свердловская,7,7,5,0,0,19,Участник
16537,11,Алтайский,7,7,5,0,0,19,Участник
17007,11,Москва,7,7,5,0,0,19,Участник
18014,11,Пензенская,4,7,1,7,0,19,Участник
20836,11,Челябинская,7,0,5,0,7,19,Участник
22139,11,Курганская,6,7,6,0,0,19,Участник
29364,11,Красноярский,7,7,2,0,3,19,Участник
1531,11,Свердловская,7,7,1,0,3,18,Участник
3780,11,Республика Казахстан,5,7,0,0,6,18,Участник
3910,11,Москва,4,7,0,0,7,18,Участник
4982,11,Новосибирская,7,7,4,0,0,18,Участник
7254,11,Санкт-Петербург,7,7,4,0,0,18,Участник
8728,11,Сахалинская,7,7,4,0,0,18,Участник
10718,11,Саратовская,7,7,4,0,0,18,Участник
16766,11,Новосибирская,4,7,0,7,0,18,Участник
20681,11,Калининградская,2,7,2,0,7,18,Участник
6737,11,Алтайский,3,7,0,7,0,17,Участник
10481,11,Московская,7,7,3,0,0,17,Участник
10564,11,Воронежская,7,7,0,0,3,17,Участник
12149,11,Татарстан,7,7,3,0,0,17,Участник
12825,11,Москва,7,7,3,0,0,17,Участник
649,11,Татарстан,7,7,2,0,0,16,Участник
2614,11,Московская,2,7,0,7,0,16,Участник
4851,11,Мордовия,7,7,2,0,0,16,Участник
5115,11,Ростовская,6,7,3,0,0,16,Участник
5578,11,Саха /Якутия/,7,7,2,0,0,16,Участник
6989,11,Московская,6,7,0,0,3,16,Участник
7517,11,Московская,0,7,2,0,7,16,Участник
9624,11,Новосибирская,2,7,7,0,0,16,Участник
13893,11,Новосибирская,7,7,2,0,0,16,Участник
33143,11,Московская,7,7,2,0,0,16,Участник
1655,11,Новосибирская,6,7,2,0,0,15,Участник
3153,11,Москва,7,7,1,0,0,15,Участник
3660,11,Москва,7,7,1,0,0,15,Участник
4121,11,Москва,6,7,2,0,0,15,Участник
4396,11,Алтайский,7,7,1,0,0,15,Участник
6943,11,Свердловская,1,7,0,7,0,15,Участник
7111,11,Москва,7,7,1,0,0,15,Участник
7166,11,Санкт-Петербург,7,5,3,0,0,15,Участник
18356,11,Челябинская,0,7,0,7,1,15,Участник
21736,11,Новосибирская,7,7,1,0,0,15,Участник
23422,11,Татарстан,7,7,1,0,0,15,Участник
28711,11,Санкт-Петербург,5,5,5,0,0,15,Участник
29099,11,Тульская,7,7,1,0,0,15,Участник
32953,11,Челябинская,7,7,0,0,1,15,Участник
242,11,Омская,7,7,0,0,0,14,Участник
1848,11,Краснодарский,7,7,0,0,0,14,Участник
1901,11,Томская,7,1,0,6,0,14,Участник
3202,11,Краснодарский,7,7,0,0,0,14,Участник
4084,11,Саха /Якутия/,7,1,6,0,0,14,Участник
4335,11,Москва,7,7,0,0,0,14,Участник
5282,11,Москва,7,7,0,0,0,14,Участник
5602,11,Новосибирская,7,7,0,0,0,14,Участник
5657,11,Краснодарский,7,0,0,7,0,14,Участник
6608,11,Саха /Якутия/,7,7,0,0,0,14,Участник
7427,11,Липецкая,7,7,0,0,0,14,Участник
7653,11,Москва,7,7,0,0,0,14,Участник
9401,11,Забайкальский,7,7,0,0,0,14,Участник
9547,11,Татарстан,7,7,0,0,0,14,Участник
9935,11,Чувашская Республика,7,7,0,0,0,14,Участник
11588,11,Тульская,7,7,0,0,0,14,Участник
12231,11,Саха /Якутия/,0,7,0,7,0,14,Участник
14442,11,Башкортостан,7,7,0,0,0,14,Участник
15143,11,Татарстан,7,7,0,0,0,14,Участник
15772,11,Калининградская,7,7,0,0,0,14,Участник
16122,11,Забайкальский 6,,7,0,0,1,14,Участник
16512,11,Чувашская Республика 7,,7,0,0,0,14,Участник
17088,11,Воронежская 7,,7,0,0,0,14,Участник
17909,11,Кемеровская область - Кузбасс 7,,7,0,0,0,14,Участник
18333,11,Забайкальский 0,,7,0,0,7,14,Участник
18376,11,Новосибирская 7,,7,0,0,0,14,Участник
21513,11,Омская 7,,7,0,0,0,14,Участник
22435,11,Москва 7,,7,0,0,0,14,Участник
23242,11,Санкт-Петербург 7,,7,0,0,0,14,Участник
28527,11,Новосибирская 7,,7,0,0,0,14,Участник
28651,11,Алтайский 7,,7,0,0,0,14,Участник
33363,11,Новосибирская 0,,7,0,7,0,14,Участник
2056,11,Москва 6,,7,0,0,0,13,Участник
3005,11,Вологодская 6,,7,0,0,0,13,Участник
3553,11,Иркутская 6,,7,0,0,0,13,Участник
6029,11,Новосибирская 7,,0,5,0,1,13,Участник
6296,11,Тульская 6,,7,0,0,0,13,Участник
6680,11,Москва 4,,7,2,0,0,13,Участник
16172,11,Новосибирская 0,,7,0,6,0,13,Участник
24847,11,Алтайский 6,,7,0,0,0,13,Участник
3529,11,Московская 5,,7,0,0,0,12,Участник
5108,11,Москва 5,,7,0,0,0,12,Участник
5844,11,Вологодская 7,,5,0,0,0,12,Участник
9532,11,Владимирская 5,,7,0,0,0,12,Участник
17944,11,Санкт-Петербург 7,,5,0,0,0,12,Участник
5459,11,Московская 3,,7,0,0,1,11,Участник
9860,11,Курская 4,,7,0,0,0,11,Участник
29286,11,Алтайский 4,,7,0,0,0,11,Участник
8701,11,Санкт-Петербург 5,,2,2,0,1,10,Участник
18534,11,Алтайский 2,,7,0,0,1,10,Участник
19653,11,Кемеровская область - Кузбасс 3,,7,0,0,0,10,Участник
19978,11,Новосибирская 7,,3,0,0,0,10,Участник
21945,11,Санкт-Петербург 0,,7,3,0,0,10,Участник
4226,11,Московская 2,,7,0,0,0,9,Участник
11063,11,Санкт-Петербург 2,,7,0,0,0,9,Участник
13603,11,Липецкая 2,,7,0,0,0,9,Участник
22341,11,Новосибирская 0,,7,2,0,0,9,Участник
11929,11,Санкт-Петербург 1,,7,0,0,0,8,Участник
12525,11,Калужская 0,,7,1,0,0,8,Участник
24974,11,Челябинская 0,,7,0,0,1,8,Участник
29976,11,Приморский 1,,7,0,0,0,8,Участник
10687,11,Свердловская 0,,7,0,0,0,7,Участник
14453,11,Новосибирская 0,,7,0,0,0,7,Участник
21877,11,Саратовская 0,,7,0,0,0,7,Участник
22379,11,Вологодская 0,,0,0,7,0,7,Участник
17522,11,Татарстан 5,,1,0,0,0,6,Участник
26610,11,Кемеровская область - Кузбасс 0,,2,0,0,3,5,Участник
27249,11,Хакасия 0,,4,0,0,0,4,Участник
9035,11,Забайкальский 0,,2,0,0,0,2,Участник
14939,11,Ханты-Мансийский Автономный округ0 - Югра,,2,0,0,0,2,Участник
27545,11,Челябинская 0,,1,0,0,1,2,Участник
29096,11,Санкт-Петербург 0,,2,0,0,0,2,Участник
5839,11,Новосибирская 0,,1,0,0,0,1,Участник
22181,11,Хакасия 0,,0,1,0,0,1,Участник
24389,11,Москва 0,,1,0,0,0,1,Участник
29109,11,Хакасия 0,,1,0,0,0,1,Участник
2016,11,Московская 0,,0,0,0,0,0,Участник
2192,11,Москва 0,,0,0,0,0,0,Участник
2195,11,Москва 0,,0,0,0,0,0,Участник
2209,11,Московская 0,,0,0,0,0,0,Участник
2283,11,Москва 0,,0,0,0,0,0,Участник
4269,11,Москва 0,,0,0,0,0,0,Участник
4864,11,Москва 0,,0,0,0,0,0,Участник
5611,11,Москва 0,,0,0,0,0,0,Участник
21462,11,Хакасия 0,,0,0,0,0,0,Участник
29272,11,Саха /Якутия/ 0,,0,0,0,0,0,Участник
